6468,38,9033,EXECUTION,2,7.900,7.8,17.850
6469,35,9033,ARTISTIC,4,8.100,7.95,17.850
6470,56,9033,ARTISTIC,1,8.100,7.95,17.850
6472,46,9033,EXECUTION,3,8.000,7.8,17.850
6473,66,9033,ARTISTIC,2,7.800,7.95,17.850
6474,72,9033,EXECUTION,4,7.400,7.8,17.850
6475,64,9033,EXECUTION,1,7.700,7.8,17.850
6476,67,9033,ARTISTIC,3,7.800,7.95,17.850
6532,38,9036,EXECUTION,2,6.700,6.7,7.150
6533,72,9036,EXECUTION,4,6.800,6.7,7.150
6534,56,9036,ARTISTIC,1,7.100,0,7.150
6535,46,9036,EXECUTION,3,6.500,6.7,7.150
6536,67,9036,ARTISTIC,3,7.400,0,7.150
6537,66,9036,ARTISTIC,2,7.300,0,7.150
6538,64,9036,EXECUTION,1,6.700,6.7,7.150
6422,38,9030,EXECUTION,2,7.500,7.6,17.350
6423,35,9030,ARTISTIC,4,7.800,7.9,17.350
6424,56,9030,ARTISTIC,1,7.900,7.9,17.350
6425,46,9030,EXECUTION,3,7.700,7.6,17.350
6426,67,9030,ARTISTIC,3,7.900,7.9,17.350
6427,66,9030,ARTISTIC,2,8.000,7.9,17.350
6428,72,9030,EXECUTION,4,7.300,7.6,17.350
6429,64,9030,EXECUTION,1,7.700,7.6,17.350
6594,35,9040,ARTISTIC,4,7.800,7.85,16.850
6595,46,9040,EXECUTION,3,7.400,7.45,16.850
6597,64,9040,EXECUTION,1,7.500,7.45,16.850
6598,67,9040,ARTISTIC,3,8.200,7.85,16.850
6599,72,9040,EXECUTION,4,7.600,7.45,16.850
6600,66,9040,ARTISTIC,2,7.600,7.85,16.850
6601,56,9040,ARTISTIC,1,7.900,7.85,16.850
6604,38,9040,EXECUTION,2,7.400,7.45,16.850
6659,71,9073,EXECUTION,3,7.400,7.75,18.400
6660,65,9073,EXECUTION,1,8.000,7.75,18.400
6661,70,9073,EXECUTION,2,7.900,7.75,18.400
6662,63,9073,ARTISTIC,3,8.200,8.15,18.400
6663,54,9073,ARTISTIC,1,8.000,8.15,18.400
6664,37,9073,EXECUTION,4,7.600,7.75,18.400
6666,34,9073,ARTISTIC,2,8.200,8.15,18.400
6668,40,9073,ARTISTIC,4,8.100,8.15,18.400
7788,67,9486,ARTISTIC,3,8.400,8.3,18.150
7789,64,9486,EXECUTION,1,7.300,7.35,18.150
7790,40,9486,EXECUTION,3,7.300,7.35,18.150
7791,68,9486,ARTISTIC,4,8.300,8.3,18.150
7792,66,9486,ARTISTIC,2,8.300,8.3,18.150
7793,38,9486,EXECUTION,2,7.400,7.35,18.150
7794,65,9486,ARTISTIC,1,7.600,8.3,18.150
7795,35,9486,EXECUTION,4,7.800,7.35,18.150
7133,38,9100,EXECUTION,2,7.400,7.5,17.100
7134,72,9100,EXECUTION,4,7.500,7.5,17.100
7135,67,9100,ARTISTIC,3,8.200,7.9,17.100
7136,66,9100,ARTISTIC,2,8.000,7.9,17.100
7137,46,9100,EXECUTION,3,7.600,7.5,17.100
7138,35,9100,ARTISTIC,4,7.800,7.9,17.100
7139,56,9100,ARTISTIC,1,7.700,7.9,17.100
7141,64,9100,EXECUTION,1,7.500,7.5,17.100
7193,65,9119,EXECUTION,4,8.500,8.5,17.200
7194,74,9119,ARTISTIC,3,8.800,8.7,17.200
7195,42,9119,ARTISTIC,1,8.700,8.7,17.200
7196,56,9119,EXECUTION,3,8.300,8.5,17.200
7197,45,9119,EXECUTION,2,8.600,8.5,17.200
7198,64,9119,ARTISTIC,2,8.500,8.7,17.200
7199,75,9119,ARTISTIC,4,8.700,8.7,17.200
7200,57,9119,EXECUTION,1,8.500,8.5,17.200
6722,46,9047,EXECUTION,3,7.700,7.7,17.450
6723,72,9047,EXECUTION,4,7.700,7.7,17.450
6724,56,9047,ARTISTIC,1,8.100,8.05,17.450
6725,38,9047,EXECUTION,2,7.500,7.7,17.450
6726,67,9047,ARTISTIC,3,8.200,8.05,17.450
6728,64,9047,EXECUTION,1,7.900,7.7,17.450
6729,66,9047,ARTISTIC,2,8.000,8.05,17.450
6739,35,9047,ARTISTIC,4,7.500,8.05,17.450
7856,35,9493,EXECUTION,4,7.400,7.15,17.050
7857,66,9493,ARTISTIC,2,8.000,7.9,17.050
7859,64,9493,EXECUTION,1,7.000,7.15,17.050
7851,40,9493,EXECUTION,3,7.200,7.15,17.050
7852,65,9493,ARTISTIC,1,7.900,7.9,17.050
7853,68,9493,ARTISTIC,4,7.900,7.9,17.050
7854,38,9493,EXECUTION,2,7.100,7.15,17.050
7855,67,9493,ARTISTIC,3,7.700,7.9,17.050
6786,54,9080,ARTISTIC,1,7.800,7.85,17.200
6787,63,9080,ARTISTIC,3,7.700,7.85,17.200
6788,70,9080,EXECUTION,2,7.400,7.4,17.200
6789,37,9080,EXECUTION,4,6.400,7.4,17.200
6790,65,9080,EXECUTION,1,7.400,7.4,17.200
6784,40,9080,ARTISTIC,4,8.100,7.85,17.200
6792,34,9080,ARTISTIC,2,7.900,7.85,17.200
6793,71,9080,EXECUTION,3,7.500,7.4,17.200
6847,40,9084,ARTISTIC,4,8.300,7.95,18.450
6848,70,9084,EXECUTION,2,7.700,7.65,18.450
6849,54,9084,ARTISTIC,1,8.000,7.95,18.450
6850,37,9084,EXECUTION,4,7.700,7.65,18.450
6851,65,9084,EXECUTION,1,7.600,7.65,18.450
6852,71,9084,EXECUTION,3,7.300,7.65,18.450
6853,34,9084,ARTISTIC,2,7.900,7.95,18.450
6854,63,9084,ARTISTIC,3,7.700,7.95,18.450
7914,65,9500,ARTISTIC,3,8.000,7.8,17.300
7915,38,9500,EXECUTION,4,7.700,7.35,17.300
7916,45,9500,EXECUTION,1,6.800,7.35,17.300
7917,54,9500,EXECUTION,3,7.200,7.35,17.300
7918,70,9500,ARTISTIC,4,7.800,7.8,17.300
7919,51,9500,EXECUTION,2,7.500,7.35,17.300
7921,64,9500,ARTISTIC,2,7.800,7.8,17.300
7922,42,9500,ARTISTIC,1,7.200,7.8,17.300
7256,42,9126,ARTISTIC,1,8.300,8.4,18.550
7257,75,9126,ARTISTIC,4,8.400,8.4,18.550
7258,74,9126,ARTISTIC,3,8.400,8.4,18.550
7259,65,9126,EXECUTION,4,8.200,8,18.550
7260,56,9126,EXECUTION,3,7.800,8,18.550
7261,45,9126,EXECUTION,2,8.000,8,18.550
7262,57,9126,EXECUTION,1,8.000,8,18.550
7263,64,9126,ARTISTIC,2,8.500,8.4,18.550
6948,70,9106,EXECUTION,2,8.200,8.4,19.500
6949,65,9106,EXECUTION,1,8.400,8.4,19.500
6950,40,9106,ARTISTIC,4,8.600,8.6,19.500
6951,54,9106,ARTISTIC,1,8.700,8.6,19.500
6952,37,9106,EXECUTION,4,8.400,8.4,19.500
6953,63,9106,ARTISTIC,3,8.600,8.6,19.500
6954,71,9106,EXECUTION,3,8.400,8.4,19.500
6955,34,9106,ARTISTIC,2,8.500,8.6,19.500
7013,40,9110,ARTISTIC,4,8.200,7.85,17.700
7014,70,9110,EXECUTION,2,7.500,7.55,17.700
7015,65,9110,EXECUTION,1,7.600,7.55,17.700
7017,54,9110,ARTISTIC,1,7.900,7.85,17.700
7018,71,9110,EXECUTION,3,7.600,7.55,17.700
7019,37,9110,EXECUTION,4,7.300,7.55,17.700
7020,63,9110,ARTISTIC,3,7.800,7.85,17.700
7021,34,9110,ARTISTIC,2,7.500,7.85,17.700
7079,56,9096,ARTISTIC,1,8.100,8.05,17.750
7080,38,9096,EXECUTION,2,7.600,7.6,17.750
7081,35,9096,ARTISTIC,4,8.000,8.05,17.750
7082,46,9096,EXECUTION,3,7.900,7.6,17.750
7083,72,9096,EXECUTION,4,7.600,7.6,17.750
7084,67,9096,ARTISTIC,3,8.200,8.05,17.750
7085,64,9096,EXECUTION,1,7.300,7.6,17.750
7089,66,9096,ARTISTIC,2,8.000,8.05,17.750
7977,38,9507,EXECUTION,4,7.000,7.3,17.150
7978,65,9507,ARTISTIC,3,7.900,7.75,17.150
7979,45,9507,EXECUTION,1,7.300,7.3,17.150
7980,51,9507,EXECUTION,2,7.300,7.3,17.150
7981,54,9507,EXECUTION,3,7.400,7.3,17.150
7982,70,9507,ARTISTIC,4,7.700,7.75,17.150
7983,42,9507,ARTISTIC,1,7.700,7.75,17.150
7984,64,9507,ARTISTIC,2,7.800,7.75,17.150
8040,65,9514,ARTISTIC,3,8.000,8.1,18.500
8041,38,9514,EXECUTION,4,7.300,7.7,18.500
8042,45,9514,EXECUTION,1,7.600,7.7,18.500
8043,70,9514,ARTISTIC,4,8.000,8.1,18.500
8044,42,9514,ARTISTIC,1,8.300,8.1,18.500
8045,54,9514,EXECUTION,3,7.800,7.7,18.500
8046,64,9514,ARTISTIC,2,8.200,8.1,18.500
8048,51,9514,EXECUTION,2,7.800,7.7,18.500
7313,45,9133,EXECUTION,2,7.500,7.9,16.250
7314,56,9133,EXECUTION,3,8.000,7.9,16.250
7315,65,9133,EXECUTION,4,8.000,7.9,16.250
7316,75,9133,ARTISTIC,4,8.500,8.35,16.250
7317,74,9133,ARTISTIC,3,8.200,8.35,16.250
7318,42,9133,ARTISTIC,1,8.400,8.35,16.250
7319,64,9133,ARTISTIC,2,8.300,8.35,16.250
7320,57,9133,EXECUTION,1,7.800,7.9,16.250
7378,75,9140,ARTISTIC,4,8.300,8.25,18.350
7373,56,9140,EXECUTION,3,8.100,7.6,18.350
7374,45,9140,EXECUTION,2,7.600,7.6,18.350
7375,74,9140,ARTISTIC,3,8.200,8.25,18.350
7376,42,9140,ARTISTIC,1,8.600,8.25,18.350
7377,65,9140,EXECUTION,4,7.600,7.6,18.350
7379,64,9140,ARTISTIC,2,8.200,8.25,18.350
7381,57,9140,EXECUTION,1,7.500,7.6,18.350
7436,65,9147,EXECUTION,4,7.300,7.4,17.700
7437,74,9147,ARTISTIC,3,8.000,8.2,17.700
7438,64,9147,ARTISTIC,2,8.400,8.2,17.700
7439,75,9147,ARTISTIC,4,8.200,8.2,17.700
7441,45,9147,EXECUTION,2,7.500,7.4,17.700
7442,56,9147,EXECUTION,3,7.200,7.4,17.700
7443,42,9147,ARTISTIC,1,8.200,8.2,17.700
7444,57,9147,EXECUTION,1,7.500,7.4,17.700
7499,65,9154,EXECUTION,4,7.100,7.1,17.122
7500,75,9154,ARTISTIC,4,7.900,7.8,17.122
7501,45,9154,EXECUTION,2,6.800,7.1,17.122
7502,74,9154,ARTISTIC,3,7.400,7.8,17.122
7503,42,9154,ARTISTIC,1,7.800,7.8,17.122
7504,56,9154,EXECUTION,3,7.200,7.1,17.122
7505,64,9154,ARTISTIC,2,7.800,7.8,17.122
7506,57,9154,EXECUTION,1,7.100,7.1,17.122
7526,64,9450,EXECUTION,1,7.600,7.8,15.750
7527,68,9450,ARTISTIC,4,7.900,7.95,15.750
7528,40,9450,EXECUTION,3,8.000,7.8,15.750
7529,38,9450,EXECUTION,2,7.800,7.8,15.750
7530,66,9450,ARTISTIC,2,7.800,7.95,15.750
7531,65,9450,ARTISTIC,1,8.300,7.95,15.750
7532,35,9450,EXECUTION,4,7.800,7.8,15.750
7533,67,9450,ARTISTIC,3,8.000,7.95,15.750
7582,38,9462,EXECUTION,2,8.000,7.85,16.050
7583,35,9462,EXECUTION,4,7.800,7.85,16.050
7584,40,9462,EXECUTION,3,7.900,7.85,16.050
7585,67,9462,ARTISTIC,3,8.200,8.2,16.050
7586,64,9462,EXECUTION,1,7.700,7.85,16.050
7587,65,9462,ARTISTIC,1,7.900,8.2,16.050
7588,66,9462,ARTISTIC,2,8.200,8.2,16.050
7589,68,9462,ARTISTIC,4,8.200,8.2,16.050
7644,40,9470,EXECUTION,3,6.800,6.85,16.550
7645,35,9470,EXECUTION,4,7.300,6.85,16.550
7646,67,9470,ARTISTIC,3,8.200,8.05,16.550
7647,65,9470,ARTISTIC,1,8.000,8.05,16.550
7648,38,9470,EXECUTION,2,6.900,6.85,16.550
7649,68,9470,ARTISTIC,4,7.300,8.05,16.550
7651,66,9470,ARTISTIC,2,8.100,8.05,16.550
7652,64,9470,EXECUTION,1,6.700,6.85,16.550
7707,35,9477,EXECUTION,4,7.400,7.15,16.350
7708,65,9477,ARTISTIC,1,7.800,7.75,16.350
7709,38,9477,EXECUTION,2,7.200,7.15,16.350
7710,64,9477,EXECUTION,1,6.900,7.15,16.350
7711,67,9477,ARTISTIC,3,7.700,7.75,16.350
7712,40,9477,EXECUTION,3,7.100,7.15,16.350
7713,66,9477,ARTISTIC,2,7.900,7.75,16.350
7714,68,9477,ARTISTIC,4,7.700,7.75,16.350
7770,67,9484,ARTISTIC,3,8.000,8,16.800
7771,68,9484,ARTISTIC,4,8.000,8,16.800
7772,35,9484,EXECUTION,4,6.900,6.95,16.800
7773,64,9484,EXECUTION,1,6.700,6.95,16.800
7774,38,9484,EXECUTION,2,7.000,6.95,16.800
7775,40,9484,EXECUTION,3,7.200,6.95,16.800
7777,65,9484,ARTISTIC,1,7.700,8,16.800
7778,66,9484,ARTISTIC,2,8.000,8,16.800
10005,43,10182,ARTISTIC,1,6.400,6.25,13.400
10006,112,10182,EXECUTION,2,6.100,6.35,13.400
10008,98,10182,ARTISTIC,2,6.200,6.25,13.400
10009,113,10182,ARTISTIC,4,6.300,6.25,13.400
10010,82,10182,ARTISTIC,3,6.100,6.25,13.400
10011,76,10182,EXECUTION,1,5.900,6.35,13.400
10013,104,10182,EXECUTION,3,6.700,6.35,13.400
10014,78,10182,EXECUTION,4,6.700,6.35,13.400
10551,107,10251,ARTISTIC,1,6.900,6.85,14.450
10552,108,10251,ARTISTIC,2,6.800,6.85,14.450
10553,77,10251,ARTISTIC,3,6.100,6.85,14.450
10554,81,10251,EXECUTION,3,5.700,6.45,14.450
10555,80,10251,EXECUTION,4,6.700,6.45,14.450
10556,110,10251,EXECUTION,2,6.500,6.45,14.450
10558,79,10251,EXECUTION,1,6.400,6.45,14.450
10559,111,10251,ARTISTIC,4,7.000,6.85,14.450
10060,107,10211,ARTISTIC,1,6.800,7.1,14.700
10061,79,10211,EXECUTION,1,6.600,6.55,14.700
10063,108,10211,ARTISTIC,2,7.100,7.1,14.700
10064,81,10211,EXECUTION,3,6.400,6.55,14.700
10065,77,10211,ARTISTIC,3,7.300,7.1,14.700
10066,80,10211,EXECUTION,4,6.700,6.55,14.700
10067,110,10211,EXECUTION,2,6.500,6.55,14.700
10068,111,10211,ARTISTIC,4,7.100,7.1,14.700
10334,82,10230,ARTISTIC,3,5.900,6,12.650
10336,98,10230,ARTISTIC,2,6.100,6,12.650
10337,112,10230,EXECUTION,2,6.600,6.1,12.650
10338,43,10230,ARTISTIC,1,5.500,6,12.650
10339,78,10230,EXECUTION,4,6.300,6.1,12.650
10340,113,10230,ARTISTIC,4,6.300,6,12.650
10341,104,10230,EXECUTION,3,5.200,6.1,12.650
10345,76,10230,EXECUTION,1,5.900,6.1,12.650
10110,112,10188,EXECUTION,2,7.200,7.1,16.000
10112,98,10188,ARTISTIC,2,7.000,7.15,16.000
10113,104,10188,EXECUTION,3,7.500,7.1,16.000
10114,43,10188,ARTISTIC,1,7.500,7.15,16.000
10115,113,10188,ARTISTIC,4,7.100,7.15,16.000
10117,78,10188,EXECUTION,4,7.000,7.1,16.000
10118,82,10188,ARTISTIC,3,7.200,7.15,16.000
10121,76,10188,EXECUTION,1,6.400,7.1,16.000
9818,81,10198,EXECUTION,3,7.900,7.75,16.700
9819,77,10198,ARTISTIC,3,8.500,7.9,16.700
9845,107,10198,ARTISTIC,1,7.700,7.9,16.700
9846,108,10198,ARTISTIC,2,7.800,7.9,16.700
9847,79,10198,EXECUTION,1,7.700,7.75,16.700
9848,111,10198,ARTISTIC,4,8.000,7.9,16.700
9849,110,10198,EXECUTION,2,7.800,7.75,16.700
9850,80,10198,EXECUTION,4,7.700,7.75,16.700
10388,112,10233,EXECUTION,2,6.000,6.3,13.100
10389,98,10233,ARTISTIC,2,6.400,6.2,13.100
10391,76,10233,EXECUTION,1,6.500,6.3,13.100
10392,104,10233,EXECUTION,3,6.100,6.3,13.100
10393,43,10233,ARTISTIC,1,6.100,6.2,13.100
10394,113,10233,ARTISTIC,4,6.100,6.2,13.100
10395,82,10233,ARTISTIC,3,6.300,6.2,13.100
10399,78,10233,EXECUTION,4,6.500,6.3,13.100
10168,79,10217,EXECUTION,1,7.000,6.6,14.550
10169,80,10217,EXECUTION,4,6.800,6.6,14.550
10170,108,10217,ARTISTIC,2,6.900,6.95,14.550
10171,77,10217,ARTISTIC,3,7.200,6.95,14.550
10172,111,10217,ARTISTIC,4,7.000,6.95,14.550
10174,81,10217,EXECUTION,3,6.400,6.6,14.550
10175,110,10217,EXECUTION,2,6.400,6.6,14.550
10178,107,10217,ARTISTIC,1,6.800,6.95,14.550
9897,79,10201,EXECUTION,1,6.200,6.05,12.700
9898,108,10201,ARTISTIC,2,5.900,6,12.700
9899,107,10201,ARTISTIC,1,6.100,6,12.700
9900,81,10201,EXECUTION,3,5.600,6.05,12.700
9901,77,10201,ARTISTIC,3,6.100,6,12.700
9902,110,10201,EXECUTION,2,5.900,6.05,12.700
9904,111,10201,ARTISTIC,4,5.700,6,12.700
9905,80,10201,EXECUTION,4,6.200,6.05,12.700
10780,112,10280,EXECUTION,2,7.600,7.45,18.600
10781,43,10280,ARTISTIC,1,8.200,8.1,18.600
10782,104,10280,EXECUTION,3,7.400,7.45,18.600
10783,78,10280,EXECUTION,4,7.400,7.45,18.600
10785,98,10280,ARTISTIC,2,8.100,8.1,18.600
10786,76,10280,EXECUTION,1,7.500,7.45,18.600
10787,113,10280,ARTISTIC,4,8.100,8.1,18.600
10788,82,10280,ARTISTIC,3,7.600,8.1,18.600
9952,113,10179,ARTISTIC,4,8.600,8.35,18.475
9953,82,10179,ARTISTIC,3,8.000,8.35,18.475
9955,104,10179,EXECUTION,3,7.800,7.975,18.475
9956,76,10179,EXECUTION,1,7.700,7.975,18.475
9957,43,10179,ARTISTIC,1,8.400,8.35,18.475
9958,98,10179,ARTISTIC,2,8.300,8.35,18.475
9959,78,10179,EXECUTION,4,8.200,7.975,18.475
9960,112,10179,EXECUTION,2,8.200,7.975,18.475
10442,43,10236,ARTISTIC,1,6.800,6.7,14.950
10443,112,10236,EXECUTION,2,7.000,6.7,14.950
10444,98,10236,ARTISTIC,2,6.200,6.7,14.950
10445,104,10236,EXECUTION,3,6.700,6.7,14.950
10446,82,10236,ARTISTIC,3,6.900,6.7,14.950
10448,76,10236,EXECUTION,1,6.300,6.7,14.950
10449,113,10236,ARTISTIC,4,6.600,6.7,14.950
10450,78,10236,EXECUTION,4,6.700,6.7,14.950
10222,107,10220,ARTISTIC,1,8.300,8.3,18.300
10223,79,10220,EXECUTION,1,7.800,7.85,18.300
10224,108,10220,ARTISTIC,2,8.600,8.3,18.300
10225,77,10220,ARTISTIC,3,8.300,8.3,18.300
10226,81,10220,EXECUTION,3,7.800,7.85,18.300
10227,110,10220,EXECUTION,2,7.900,7.85,18.300
10229,80,10220,EXECUTION,4,8.400,7.85,18.300
10230,111,10220,ARTISTIC,4,8.200,8.3,18.300
10278,112,10227,EXECUTION,2,6.500,6.25,13.050
10279,76,10227,EXECUTION,1,6.500,6.25,13.050
10281,43,10227,ARTISTIC,1,6.200,6.2,13.050
10282,104,10227,EXECUTION,3,5.600,6.25,13.050
10283,113,10227,ARTISTIC,4,6.100,6.2,13.050
10284,98,10227,ARTISTIC,2,6.900,6.2,13.050
10285,78,10227,EXECUTION,4,6.000,6.25,13.050
10286,82,10227,ARTISTIC,3,6.200,6.2,13.050
10605,108,10254,ARTISTIC,2,7.900,8,17.850
10607,110,10254,EXECUTION,2,7.700,7.35,17.850
10608,77,10254,ARTISTIC,3,8.100,8,17.850
10609,81,10254,EXECUTION,3,7.700,7.35,17.850
10610,80,10254,EXECUTION,4,6.800,7.35,17.850
10611,111,10254,ARTISTIC,4,8.100,8,17.850
10612,79,10254,EXECUTION,1,7.200,7.35,17.850
10613,107,10254,ARTISTIC,1,7.800,8,17.850
10659,108,10257,ARTISTIC,2,7.700,7.55,16.600
10660,107,10257,ARTISTIC,1,7.200,7.55,16.600
10661,81,10257,EXECUTION,3,7.000,7.1,16.600
10662,77,10257,ARTISTIC,3,7.700,7.55,16.600
10664,80,10257,EXECUTION,4,7.200,7.1,16.600
10665,111,10257,ARTISTIC,4,7.400,7.55,16.600
10666,79,10257,EXECUTION,1,7.500,7.1,16.600
10667,110,10257,EXECUTION,2,6.900,7.1,16.600
10704,108,10260,ARTISTIC,2,7.600,7.65,17.550
10706,81,10260,EXECUTION,3,7.400,7.4,17.550
10707,77,10260,ARTISTIC,3,7.800,7.65,17.550
10708,80,10260,EXECUTION,4,7.500,7.4,17.550
10710,111,10260,ARTISTIC,4,7.400,7.65,17.550
10711,79,10260,EXECUTION,1,7.100,7.4,17.550
10712,107,10260,ARTISTIC,1,7.700,7.65,17.550
10713,110,10260,EXECUTION,2,7.400,7.4,17.550
10496,98,10263,ARTISTIC,2,4.900,5.1,10.750
10497,112,10263,EXECUTION,2,5.600,5.3,10.750
10498,82,10263,ARTISTIC,3,5.500,5.1,10.750
10499,104,10263,EXECUTION,3,4.000,5.3,10.750
10501,78,10263,EXECUTION,4,5.400,5.3,10.750
10502,43,10263,ARTISTIC,1,5.000,5.1,10.750
10503,113,10263,ARTISTIC,4,5.200,5.1,10.750
10504,76,10263,EXECUTION,1,5.200,5.3,10.750
10815,112,10282,EXECUTION,2,6.200,6.45,14.800
10816,98,10282,ARTISTIC,2,7.100,7.1,14.800
10818,78,10282,EXECUTION,4,6.700,6.45,14.800
10819,82,10282,ARTISTIC,3,7.200,7.1,14.800
10820,43,10282,ARTISTIC,1,6.800,7.1,14.800
10821,76,10282,EXECUTION,1,6.900,6.45,14.800
10822,104,10282,EXECUTION,3,5.900,6.45,14.800
10823,113,10282,ARTISTIC,4,7.100,7.1,14.800
10751,76,10278,EXECUTION,1,7.400,6.95,16.900
10752,112,10278,EXECUTION,2,7.000,6.95,16.900
10753,43,10278,ARTISTIC,1,7.600,7.75,16.900
10754,78,10278,EXECUTION,4,6.800,6.95,16.900
10755,113,10278,ARTISTIC,4,7.900,7.75,16.900
10756,104,10278,EXECUTION,3,6.900,6.95,16.900
10757,98,10278,ARTISTIC,2,7.900,7.75,16.900
10758,82,10278,ARTISTIC,3,7.400,7.75,16.900
10852,107,10290,ARTISTIC,1,7.100,7.05,15.400
10853,80,10290,EXECUTION,4,6.400,6.75,15.400
10854,108,10290,ARTISTIC,2,7.000,7.05,15.400
10855,110,10290,EXECUTION,2,6.900,6.75,15.400
10857,79,10290,EXECUTION,1,6.800,6.75,15.400
10858,111,10290,ARTISTIC,4,7.000,7.05,15.400
10859,81,10290,EXECUTION,3,6.700,6.75,15.400
10860,77,10290,ARTISTIC,3,7.400,7.05,15.400
10888,82,10420,ARTISTIC,3,8.700,8.8,16.850
10889,104,10420,EXECUTION,3,7.600,8.05,16.850
10890,76,10420,EXECUTION,1,8.500,8.05,16.850
10891,98,10420,ARTISTIC,2,8.800,8.8,16.850
10892,43,10420,ARTISTIC,1,9.000,8.8,16.850
10893,113,10420,ARTISTIC,4,8.800,8.8,16.850
10894,112,10420,EXECUTION,2,7.800,8.05,16.850
10895,78,10420,EXECUTION,4,8.300,8.05,16.850
10930,104,10423,EXECUTION,3,6.900,6.85,13.900
10931,43,10423,ARTISTIC,1,7.100,7.05,13.900
10932,76,10423,EXECUTION,1,6.800,6.85,13.900
10933,82,10423,ARTISTIC,3,7.100,7.05,13.900
10934,98,10423,ARTISTIC,2,6.700,7.05,13.900
10935,78,10423,EXECUTION,4,6.700,6.85,13.900
10936,113,10423,ARTISTIC,4,7.000,7.05,13.900
10945,112,10423,EXECUTION,2,7.000,6.85,13.900
10963,112,10422,EXECUTION,2,6.500,6.2,12.600
10964,82,10422,ARTISTIC,3,6.600,6.4,12.600
10965,43,10422,ARTISTIC,1,6.300,6.4,12.600
10966,98,10422,ARTISTIC,2,6.100,6.4,12.600
10967,104,10422,EXECUTION,3,5.800,6.2,12.600
10968,76,10422,EXECUTION,1,6.400,6.2,12.600
10969,113,10422,ARTISTIC,4,6.500,6.4,12.600
10970,78,10422,EXECUTION,4,6.000,6.2,12.600
10997,43,10438,ARTISTIC,1,7.000,6.95,14.550
10999,112,10438,EXECUTION,2,6.800,6.8,14.550
11000,104,10438,EXECUTION,3,6.400,6.8,14.550
11001,98,10438,ARTISTIC,2,6.700,6.95,14.550
11002,78,10438,EXECUTION,4,7.100,6.8,14.550
11003,113,10438,ARTISTIC,4,7.200,6.95,14.550
11004,82,10438,ARTISTIC,3,6.900,6.95,14.550
11005,76,10438,EXECUTION,1,6.800,6.8,14.550
11035,76,10440,EXECUTION,1,7.100,7,15.200
11036,82,10440,ARTISTIC,3,7.300,7.25,15.200
11037,104,10440,EXECUTION,3,7.000,7,15.200
11038,78,10440,EXECUTION,4,7.000,7,15.200
11039,113,10440,ARTISTIC,4,7.200,7.25,15.200
11040,43,10440,ARTISTIC,1,7.400,7.25,15.200
11041,98,10440,ARTISTIC,2,7.200,7.25,15.200
11044,112,10440,EXECUTION,2,7.000,7,15.200
11070,112,10442,EXECUTION,2,7.100,7.25,15.350
11071,76,10442,EXECUTION,1,7.400,7.25,15.350
11072,78,10442,EXECUTION,4,7.200,7.25,15.350
11073,82,10442,ARTISTIC,3,7.300,7.15,15.350
11074,98,10442,ARTISTIC,2,6.900,7.15,15.350
11075,104,10442,EXECUTION,3,7.300,7.25,15.350
11076,113,10442,ARTISTIC,4,7.000,7.15,15.350
11077,43,10442,ARTISTIC,1,7.300,7.15,15.350
11108,108,10445,ARTISTIC,2,7.200,7.2,16.600
11109,111,10445,ARTISTIC,4,7.200,7.2,16.600
11110,81,10445,EXECUTION,3,7.000,7.1,16.600
11111,77,10445,ARTISTIC,3,7.500,7.2,16.600
11113,80,10445,EXECUTION,4,7.200,7.1,16.600
11114,107,10445,ARTISTIC,1,7.200,7.2,16.600
11115,110,10445,EXECUTION,2,6.800,7.1,16.600
11116,79,10445,EXECUTION,1,7.200,7.1,16.600
11145,108,10447,ARTISTIC,2,7.300,7.4,16.450
11146,111,10447,ARTISTIC,4,7.400,7.4,16.450
11147,79,10447,EXECUTION,1,7.000,7,16.450
11148,107,10447,ARTISTIC,1,7.400,7.4,16.450
11149,77,10447,ARTISTIC,3,7.400,7.4,16.450
11150,80,10447,EXECUTION,4,7.200,7,16.450
11151,81,10447,EXECUTION,3,6.800,7,16.450
11152,110,10447,EXECUTION,2,7.000,7,16.450
11182,80,10449,EXECUTION,4,6.800,6.8,16.050
11183,111,10449,ARTISTIC,4,7.300,7.1,16.050
11184,81,10449,EXECUTION,3,6.800,6.8,16.050
11185,77,10449,ARTISTIC,3,7.200,7.1,16.050
11187,108,10449,ARTISTIC,2,7.000,7.1,16.050
11188,107,10449,ARTISTIC,1,7.000,7.1,16.050
11189,110,10449,EXECUTION,2,6.700,6.8,16.050
11190,79,10449,EXECUTION,1,7.000,6.8,16.050
11254,98,10469,ARTISTIC,2,6.600,6.6,13.950
11255,112,10469,EXECUTION,2,5.900,6.1,13.950
11257,78,10469,EXECUTION,4,6.200,6.1,13.950
11258,104,10469,EXECUTION,3,6.000,6.1,13.950
11259,76,10469,EXECUTION,1,6.600,6.1,13.950
11260,43,10469,ARTISTIC,1,6.500,6.6,13.950
11261,113,10469,ARTISTIC,4,6.900,6.6,13.950
11262,82,10469,ARTISTIC,3,6.600,6.6,13.950
11281,81,10463,EXECUTION,3,5.900,6.3,14.300
11282,108,10463,ARTISTIC,2,6.800,6.8,14.300
11283,77,10463,ARTISTIC,3,6.800,6.8,14.300
11284,111,10463,ARTISTIC,4,6.800,6.8,14.300
11285,80,10463,EXECUTION,4,6.400,6.3,14.300
11286,107,10463,ARTISTIC,1,6.600,6.8,14.300
11287,79,10463,EXECUTION,1,6.200,6.3,14.300
11288,110,10463,EXECUTION,2,6.500,6.3,14.300
11219,111,10451,ARTISTIC,4,8.100,8,17.700
11220,108,10451,ARTISTIC,2,7.900,8,17.700
11221,80,10451,EXECUTION,4,7.500,7.55,17.700
11222,107,10451,ARTISTIC,1,7.300,8,17.700
11223,77,10451,ARTISTIC,3,8.200,8,17.700
11224,81,10451,EXECUTION,3,7.500,7.55,17.700
11225,79,10451,EXECUTION,1,7.600,7.55,17.700
11228,110,10451,EXECUTION,2,7.600,7.55,17.700
11326,107,10465,ARTISTIC,1,6.500,6.65,13.450
11327,80,10465,EXECUTION,4,6.300,6.1,13.450
11328,108,10465,ARTISTIC,2,6.500,6.65,13.450
11329,81,10465,EXECUTION,3,5.400,6.1,13.450
11331,77,10465,ARTISTIC,3,6.800,6.65,13.450
11332,79,10465,EXECUTION,1,6.200,6.1,13.450
11333,110,10465,EXECUTION,2,6.000,6.1,13.450
11334,111,10465,ARTISTIC,4,7.000,6.65,13.450
6478,40,9063,ARTISTIC,4,7.300,7.35,16.450
6479,65,9063,EXECUTION,1,7.000,7.05,16.450
6480,71,9063,EXECUTION,3,7.300,7.05,16.450
6481,63,9063,ARTISTIC,3,7.400,7.35,16.450
6482,54,9063,ARTISTIC,1,7.200,7.35,16.450
6483,37,9063,EXECUTION,4,6.600,7.05,16.450
6484,70,9063,EXECUTION,2,7.100,7.05,16.450
6485,34,9063,ARTISTIC,2,7.400,7.35,16.450
6386,35,9028,ARTISTIC,4,7.300,7.3,14.650
6387,38,9028,EXECUTION,2,7.000,6.8,14.650
6388,67,9028,ARTISTIC,3,6.800,7.3,14.650
6389,72,9028,EXECUTION,4,7.000,6.8,14.650
6390,46,9028,EXECUTION,3,6.300,6.8,14.650
6391,56,9028,ARTISTIC,1,7.300,7.3,14.650
6392,64,9028,EXECUTION,1,6.600,6.8,14.650
6393,66,9028,ARTISTIC,2,7.300,7.3,14.650
7142,35,9101,ARTISTIC,4,7.700,7.8,17.400
7143,56,9101,ARTISTIC,1,7.900,7.8,17.400
7144,72,9101,EXECUTION,4,7.700,7.5,17.400
7145,38,9101,EXECUTION,2,7.600,7.5,17.400
7146,67,9101,ARTISTIC,3,8.000,7.8,17.400
7147,46,9101,EXECUTION,3,7.400,7.5,17.400
7148,64,9101,EXECUTION,1,7.400,7.5,17.400
7149,66,9101,ARTISTIC,2,7.700,7.8,17.400
7798,40,9487,EXECUTION,3,7.600,7.35,18.100
7799,64,9487,EXECUTION,1,7.400,7.35,18.100
7800,67,9487,ARTISTIC,3,8.300,8.25,18.100
7801,68,9487,ARTISTIC,4,8.200,8.25,18.100
7802,35,9487,EXECUTION,4,7.200,7.35,18.100
7803,65,9487,ARTISTIC,1,8.200,8.25,18.100
7804,38,9487,EXECUTION,2,7.300,7.35,18.100
7805,66,9487,ARTISTIC,2,8.300,8.25,18.100
6540,40,9067,ARTISTIC,4,7.400,7.3,15.450
6541,65,9067,EXECUTION,1,6.700,6.75,15.450
6542,54,9067,ARTISTIC,1,7.300,7.3,15.450
6543,70,9067,EXECUTION,2,7.200,6.75,15.450
6544,37,9067,EXECUTION,4,6.800,6.75,15.450
6546,71,9067,EXECUTION,3,6.200,6.75,15.450
6547,34,9067,ARTISTIC,2,7.300,7.3,15.450
6549,63,9067,ARTISTIC,3,7.000,7.3,15.450
7202,65,9120,EXECUTION,4,8.100,7.8,18.200
7203,74,9120,ARTISTIC,3,8.500,8.25,18.200
7204,45,9120,EXECUTION,2,7.800,7.8,18.200
7205,56,9120,EXECUTION,3,7.800,7.8,18.200
7206,75,9120,ARTISTIC,4,8.300,8.25,18.200
7207,64,9120,ARTISTIC,2,7.900,8.25,18.200
7208,42,9120,ARTISTIC,1,8.200,8.25,18.200
7209,57,9120,EXECUTION,1,7.800,7.8,18.200
6602,40,9070,ARTISTIC,4,8.100,8,18.450
6603,65,9070,EXECUTION,1,7.800,7.75,18.450
6605,54,9070,ARTISTIC,1,7.900,8,18.450
6606,70,9070,EXECUTION,2,7.800,7.75,18.450
6607,63,9070,ARTISTIC,3,8.000,8,18.450
6609,71,9070,EXECUTION,3,7.600,7.75,18.450
6610,34,9070,ARTISTIC,2,8.000,8,18.450
6611,37,9070,EXECUTION,4,7.700,7.75,18.450
6665,35,9044,ARTISTIC,4,7.300,7.5,16.000
6667,38,9044,EXECUTION,2,6.900,7,16.000
6669,72,9044,EXECUTION,4,7.000,7,16.000
6670,46,9044,EXECUTION,3,7.100,7,16.000
6671,66,9044,ARTISTIC,2,7.000,7.5,16.000
6672,56,9044,ARTISTIC,1,7.700,7.5,16.000
6673,67,9044,ARTISTIC,3,7.800,7.5,16.000
6674,64,9044,EXECUTION,1,7.000,7,16.000
6730,40,9077,ARTISTIC,4,8.000,7.9,17.150
6731,70,9077,EXECUTION,2,7.500,7.3,17.150
6732,54,9077,ARTISTIC,1,7.800,7.9,17.150
6733,65,9077,EXECUTION,1,7.300,7.3,17.150
6734,71,9077,EXECUTION,3,7.300,7.3,17.150
6735,63,9077,ARTISTIC,3,8.000,7.9,17.150
6736,37,9077,EXECUTION,4,7.200,7.3,17.150
6738,34,9077,ARTISTIC,2,7.800,7.9,17.150
6794,35,9051,ARTISTIC,4,7.800,7.85,17.450
6795,72,9051,EXECUTION,4,7.600,7.5,17.450
6797,38,9051,EXECUTION,2,7.400,7.5,17.450
6798,46,9051,EXECUTION,3,7.800,7.5,17.450
6799,56,9051,ARTISTIC,1,7.900,7.85,17.450
6800,67,9051,ARTISTIC,3,7.800,7.85,17.450
6801,64,9051,EXECUTION,1,7.400,7.5,17.450
6802,66,9051,ARTISTIC,2,7.900,7.85,17.450
7860,65,9494,ARTISTIC,1,8.100,8.15,17.650
7861,35,9494,EXECUTION,4,7.700,7.6,17.650
7862,40,9494,EXECUTION,3,7.600,7.6,17.650
7863,38,9494,EXECUTION,2,7.600,7.6,17.650
7864,68,9494,ARTISTIC,4,8.100,8.15,17.650
7865,66,9494,ARTISTIC,2,8.200,8.15,17.650
7866,67,9494,ARTISTIC,3,8.200,8.15,17.650
7867,64,9494,EXECUTION,1,7.500,7.6,17.650
7264,45,9127,EXECUTION,2,7.700,8.2,18.850
7265,56,9127,EXECUTION,3,8.200,8.2,18.850
7266,74,9127,ARTISTIC,3,8.300,8.5,18.850
7267,65,9127,EXECUTION,4,8.200,8.2,18.850
7268,42,9127,ARTISTIC,1,8.400,8.5,18.850
7269,75,9127,ARTISTIC,4,8.700,8.5,18.850
7270,57,9127,EXECUTION,1,8.200,8.2,18.850
7271,64,9127,ARTISTIC,2,8.600,8.5,18.850
6855,66,9054,ARTISTIC,2,7.600,7.6,16.750
6856,72,9054,EXECUTION,4,7.400,7.35,16.750
6857,38,9054,EXECUTION,2,7.300,7.35,16.750
6858,35,9054,ARTISTIC,4,7.500,7.6,16.750
6860,67,9054,ARTISTIC,3,8.000,7.6,16.750
6861,64,9054,EXECUTION,1,7.300,7.35,16.750
6871,56,9054,ARTISTIC,1,7.600,7.6,16.750
6873,46,9054,EXECUTION,3,7.500,7.35,16.750
7923,38,9501,EXECUTION,4,7.600,7.3,17.250
7924,65,9501,ARTISTIC,3,7.900,7.85,17.250
7925,70,9501,ARTISTIC,4,7.800,7.85,17.250
7926,45,9501,EXECUTION,1,7.300,7.3,17.250
7927,51,9501,EXECUTION,2,7.300,7.3,17.250
7928,42,9501,ARTISTIC,1,7.800,7.85,17.250
7929,54,9501,EXECUTION,3,7.200,7.3,17.250
7930,64,9501,ARTISTIC,2,7.900,7.85,17.250
6958,56,9089,ARTISTIC,1,8.100,7.9,17.150
6959,38,9089,EXECUTION,2,7.600,7.55,17.150
6960,67,9089,ARTISTIC,3,7.600,7.9,17.150
6961,72,9089,EXECUTION,4,7.400,7.55,17.150
6962,46,9089,EXECUTION,3,7.600,7.55,17.150
6963,64,9089,EXECUTION,1,7.500,7.55,17.150
6964,66,9089,ARTISTIC,2,8.000,7.9,17.150
6966,35,9089,ARTISTIC,4,7.800,7.9,17.150
7022,38,9093,EXECUTION,2,5.300,5.45,11.550
7023,72,9093,EXECUTION,4,5.600,5.45,11.550
7024,35,9093,ARTISTIC,4,6.900,6.75,11.550
7025,56,9093,ARTISTIC,1,6.800,6.75,11.550
7026,46,9093,EXECUTION,3,5.000,5.45,11.550
7027,67,9093,ARTISTIC,3,6.400,6.75,11.550
7030,64,9093,EXECUTION,1,6.400,5.45,11.550
7031,66,9093,ARTISTIC,2,6.700,6.75,11.550
7321,45,9134,EXECUTION,2,7.800,7.8,16.050
7322,74,9134,ARTISTIC,3,8.300,8.25,16.050
7323,42,9134,ARTISTIC,1,7.900,8.25,16.050
7324,75,9134,ARTISTIC,4,8.300,8.25,16.050
7325,64,9134,ARTISTIC,2,8.200,8.25,16.050
7326,65,9134,EXECUTION,4,7.800,7.8,16.050
7327,57,9134,EXECUTION,1,8.100,7.8,16.050
7328,56,9134,EXECUTION,3,7.800,7.8,16.050
7087,40,9114,ARTISTIC,4,8.400,8.35,18.500
7088,71,9114,EXECUTION,3,7.700,7.7,18.500
7090,54,9114,ARTISTIC,1,8.300,8.35,18.500
7091,70,9114,EXECUTION,2,7.800,7.7,18.500
7092,63,9114,ARTISTIC,3,8.400,8.35,18.500
7093,37,9114,EXECUTION,4,7.700,7.7,18.500
7094,34,9114,ARTISTIC,2,8.300,8.35,18.500
7099,65,9114,EXECUTION,1,7.500,7.7,18.500
7986,45,9508,EXECUTION,1,7.500,7.55,18.050
7987,38,9508,EXECUTION,4,7.600,7.55,18.050
7988,51,9508,EXECUTION,2,7.700,7.55,18.050
7989,65,9508,ARTISTIC,3,8.200,8.05,18.050
7990,42,9508,ARTISTIC,1,7.900,8.05,18.050
7991,64,9508,ARTISTIC,2,8.100,8.05,18.050
7992,70,9508,ARTISTIC,4,8.000,8.05,18.050
7994,54,9508,EXECUTION,3,7.500,7.55,18.050
7383,42,9141,ARTISTIC,1,8.300,8.35,18.400
7384,56,9141,EXECUTION,3,7.800,7.55,18.400
7385,74,9141,ARTISTIC,3,8.400,8.35,18.400
7386,45,9141,EXECUTION,2,7.500,7.55,18.400
7387,64,9141,ARTISTIC,2,8.300,8.35,18.400
7388,75,9141,ARTISTIC,4,8.500,8.35,18.400
7389,65,9141,EXECUTION,4,7.600,7.55,18.400
7390,57,9141,EXECUTION,1,7.300,7.55,18.400
8049,65,9515,ARTISTIC,3,8.200,8.2,18.250
8050,70,9515,ARTISTIC,4,8.200,8.2,18.250
8051,51,9515,EXECUTION,2,7.400,7.55,18.250
8052,38,9515,EXECUTION,4,7.700,7.55,18.250
8053,45,9515,EXECUTION,1,7.100,7.55,18.250
8054,42,9515,ARTISTIC,1,8.200,8.2,18.250
8055,54,9515,EXECUTION,3,7.700,7.55,18.250
8056,64,9515,ARTISTIC,2,8.200,8.2,18.250
7445,65,9148,EXECUTION,4,7.200,7.25,17.350
7446,75,9148,ARTISTIC,4,8.100,7.95,17.350
7447,45,9148,EXECUTION,2,7.000,7.25,17.350
7448,74,9148,ARTISTIC,3,8.000,7.95,17.350
7449,57,9148,EXECUTION,1,7.300,7.25,17.350
7450,56,9148,EXECUTION,3,7.400,7.25,17.350
7451,42,9148,ARTISTIC,1,7.900,7.95,17.350
7452,64,9148,ARTISTIC,2,7.800,7.95,17.350
7508,56,9155,EXECUTION,3,7.800,7.65,19.156
7509,75,9155,ARTISTIC,4,8.700,8.45,19.156
7511,45,9155,EXECUTION,2,7.600,7.65,19.156
7512,42,9155,ARTISTIC,1,8.500,8.45,19.156
7513,74,9155,ARTISTIC,3,8.300,8.45,19.156
7514,65,9155,EXECUTION,4,7.700,7.65,19.156
7515,64,9155,ARTISTIC,2,8.400,8.45,19.156
7516,57,9155,EXECUTION,1,7.400,7.65,19.156
7534,38,9456,EXECUTION,2,7.500,7.15,14.950
7535,35,9456,EXECUTION,4,7.000,7.15,14.950
7536,67,9456,ARTISTIC,3,7.900,7.8,14.950
7537,64,9456,EXECUTION,1,6.800,7.15,14.950
7538,40,9456,EXECUTION,3,7.300,7.15,14.950
7539,66,9456,ARTISTIC,2,7.700,7.8,14.950
7540,68,9456,ARTISTIC,4,7.900,7.8,14.950
7541,65,9456,ARTISTIC,1,7.200,7.8,14.950
7590,67,9463,ARTISTIC,3,8.500,8.5,16.850
7591,35,9463,EXECUTION,4,8.300,8.35,16.850
7592,38,9463,EXECUTION,2,8.300,8.35,16.850
7593,64,9463,EXECUTION,1,8.500,8.35,16.850
7594,66,9463,ARTISTIC,2,8.500,8.5,16.850
7595,65,9463,ARTISTIC,1,8.500,8.5,16.850
7596,40,9463,EXECUTION,3,8.400,8.35,16.850
7597,68,9463,ARTISTIC,4,8.500,8.5,16.850
7653,67,9471,ARTISTIC,3,8.000,8.15,17.850
7654,68,9471,ARTISTIC,4,8.100,8.15,17.850
7655,65,9471,ARTISTIC,1,8.300,8.15,17.850
7656,64,9471,EXECUTION,1,7.600,7.55,17.850
7657,66,9471,ARTISTIC,2,8.200,8.15,17.850
7658,35,9471,EXECUTION,4,7.800,7.55,17.850
7659,38,9471,EXECUTION,2,7.500,7.55,17.850
7660,40,9471,EXECUTION,3,7.500,7.55,17.850
7716,40,9478,EXECUTION,3,7.800,7.6,17.750
7717,35,9478,EXECUTION,4,7.500,7.6,17.750
7718,65,9478,ARTISTIC,1,8.100,8.05,17.750
7719,64,9478,EXECUTION,1,7.200,7.6,17.750
7720,38,9478,EXECUTION,2,7.700,7.6,17.750
7721,68,9478,ARTISTIC,4,8.000,8.05,17.750
7722,67,9478,ARTISTIC,3,8.000,8.05,17.750
7723,66,9478,ARTISTIC,2,8.200,8.05,17.750
10125,107,10215,ARTISTIC,1,7.800,7.8,16.350
10128,108,10215,ARTISTIC,2,7.800,7.8,16.350
10131,79,10215,EXECUTION,1,7.600,7.5,16.350
10132,81,10215,EXECUTION,3,7.600,7.5,16.350
10133,77,10215,ARTISTIC,3,8.200,7.8,16.350
10134,80,10215,EXECUTION,4,7.000,7.5,16.350
10135,110,10215,EXECUTION,2,7.400,7.5,16.350
10136,111,10215,ARTISTIC,4,7.500,7.8,16.350
7779,67,9485,ARTISTIC,3,7.000,7.05,14.800
7780,40,9485,EXECUTION,3,6.200,5.8,14.800
7781,35,9485,EXECUTION,4,5.800,5.8,14.800
7782,38,9485,EXECUTION,2,5.800,5.8,14.800
7783,64,9485,EXECUTION,1,5.100,5.8,14.800
7784,65,9485,ARTISTIC,1,7.000,7.05,14.800
7785,66,9485,ARTISTIC,2,7.100,7.05,14.800
7786,68,9485,ARTISTIC,4,7.300,7.05,14.800
10176,76,10192,EXECUTION,1,7.200,7.05,16.000
10177,113,10192,ARTISTIC,4,7.300,7.2,16.000
10179,104,10192,EXECUTION,3,7.000,7.05,16.000
10181,112,10192,EXECUTION,2,6.800,7.05,16.000
10182,43,10192,ARTISTIC,1,7.100,7.2,16.000
10183,98,10192,ARTISTIC,2,7.300,7.2,16.000
10184,78,10192,EXECUTION,4,7.100,7.05,16.000
10185,82,10192,ARTISTIC,3,6.800,7.2,16.000
9851,107,10199,ARTISTIC,1,6.200,6.1,12.350
9853,79,10199,EXECUTION,1,5.900,5.85,12.350
9854,81,10199,EXECUTION,3,5.100,5.85,12.350
9855,80,10199,EXECUTION,4,5.800,5.85,12.350
9856,108,10199,ARTISTIC,2,5.800,6.1,12.350
9857,77,10199,ARTISTIC,3,6.000,6.1,12.350
9858,111,10199,ARTISTIC,4,6.200,6.1,12.350
9860,110,10199,EXECUTION,2,6.000,5.85,12.350
10514,111,10248,ARTISTIC,4,8.400,8.15,17.950
10506,107,10248,ARTISTIC,1,8.100,8.15,17.950
10508,79,10248,EXECUTION,1,7.600,7.65,17.950
10509,77,10248,ARTISTIC,3,8.100,8.15,17.950
10510,80,10248,EXECUTION,4,7.700,7.65,17.950
10511,81,10248,EXECUTION,3,7.500,7.65,17.950
10512,108,10248,ARTISTIC,2,8.200,8.15,17.950
10513,110,10248,EXECUTION,2,7.700,7.65,17.950
9907,104,10176,EXECUTION,3,6.700,6.65,14.750
9908,98,10176,ARTISTIC,2,6.300,6.7,14.750
9909,113,10176,ARTISTIC,4,6.600,6.7,14.750
9910,43,10176,ARTISTIC,1,6.800,6.7,14.750
9911,76,10176,EXECUTION,1,6.400,6.65,14.750
9912,78,10176,EXECUTION,4,6.600,6.65,14.750
9913,82,10176,ARTISTIC,3,6.900,6.7,14.750
9914,112,10176,EXECUTION,2,6.900,6.65,14.750
10231,112,10195,EXECUTION,2,6.000,6.15,13.700
10232,82,10195,ARTISTIC,3,6.400,6.4,13.700
10233,43,10195,ARTISTIC,1,6.400,6.4,13.700
10235,113,10195,ARTISTIC,4,6.300,6.4,13.700
10236,78,10195,EXECUTION,4,6.300,6.15,13.700
10237,76,10195,EXECUTION,1,6.300,6.15,13.700
10238,98,10195,ARTISTIC,2,6.500,6.4,13.700
10239,104,10195,EXECUTION,3,5.200,6.15,13.700
9961,107,10205,ARTISTIC,1,6.100,6.15,12.650
9962,79,10205,EXECUTION,1,5.700,5.7,12.650
9963,80,10205,EXECUTION,4,5.700,5.7,12.650
9964,108,10205,ARTISTIC,2,6.400,6.15,12.650
9966,81,10205,EXECUTION,3,5.500,5.7,12.650
9967,110,10205,EXECUTION,2,5.800,5.7,12.650
9968,111,10205,ARTISTIC,4,6.200,6.15,12.650
9969,77,10205,ARTISTIC,3,6.000,6.15,12.650
10015,112,10183,EXECUTION,2,6.000,6.4,13.300
10016,113,10183,ARTISTIC,4,6.300,6.2,13.300
10017,76,10183,EXECUTION,1,6.500,6.4,13.300
10018,98,10183,ARTISTIC,2,5.800,6.2,13.300
10020,104,10183,EXECUTION,3,6.600,6.4,13.300
10021,43,10183,ARTISTIC,1,6.100,6.2,13.300
10022,78,10183,EXECUTION,4,6.300,6.4,13.300
10023,82,10183,ARTISTIC,3,6.300,6.2,13.300
10069,112,10186,EXECUTION,2,7.300,6.85,14.600
10070,98,10186,ARTISTIC,2,6.300,6.45,14.600
10071,43,10186,ARTISTIC,1,6.900,6.45,14.600
10072,78,10186,EXECUTION,4,6.200,6.85,14.600
10073,76,10186,EXECUTION,1,7.500,6.85,14.600
10074,104,10186,EXECUTION,3,6.400,6.85,14.600
10075,113,10186,ARTISTIC,4,6.300,6.45,14.600
10076,82,10186,ARTISTIC,3,6.600,6.45,14.600
10288,108,10224,ARTISTIC,2,6.100,6.15,13.100
10289,107,10224,ARTISTIC,1,6.900,6.15,13.100
10290,77,10224,ARTISTIC,3,6.100,6.15,13.100
10291,81,10224,EXECUTION,3,5.800,5.95,13.100
10292,111,10224,ARTISTIC,4,6.200,6.15,13.100
10293,110,10224,EXECUTION,2,6.800,5.95,13.100
10296,79,10224,EXECUTION,1,5.900,5.95,13.100
10298,80,10224,EXECUTION,4,6.000,5.95,13.100
10715,104,10276,EXECUTION,3,6.200,6.1,13.300
10716,112,10276,EXECUTION,2,6.500,6.1,13.300
10717,76,10276,EXECUTION,1,6.000,6.1,13.300
10718,43,10276,ARTISTIC,1,6.400,6.5,13.300
10719,82,10276,ARTISTIC,3,6.600,6.5,13.300
10720,78,10276,EXECUTION,4,5.900,6.1,13.300
10721,113,10276,ARTISTIC,4,6.500,6.5,13.300
10723,98,10276,ARTISTIC,2,6.500,6.5,13.300
10560,112,10267,EXECUTION,2,6.700,6.85,15.150
10561,98,10267,ARTISTIC,2,7.400,7.25,15.150
10562,78,10267,EXECUTION,4,7.000,6.85,15.150
10563,104,10267,EXECUTION,3,6.200,6.85,15.150
10565,76,10267,EXECUTION,1,7.200,6.85,15.150
10566,113,10267,ARTISTIC,4,7.300,7.25,15.150
10567,43,10267,ARTISTIC,1,7.200,7.25,15.150
10568,82,10267,ARTISTIC,3,7.200,7.25,15.150
10342,107,10239,ARTISTIC,1,7.100,7.05,16.050
10343,108,10239,ARTISTIC,2,6.600,7.05,16.050
10344,81,10239,EXECUTION,3,6.700,6.95,16.050
10346,110,10239,EXECUTION,2,6.900,6.95,16.050
10347,77,10239,ARTISTIC,3,7.000,7.05,16.050
10348,80,10239,EXECUTION,4,7.800,6.95,16.050
10349,111,10239,ARTISTIC,4,7.400,7.05,16.050
10350,79,10239,EXECUTION,1,7.000,6.95,16.050
10396,107,10242,ARTISTIC,1,6.700,6.8,15.150
10397,108,10242,ARTISTIC,2,6.300,6.8,15.150
10398,79,10242,EXECUTION,1,6.200,6.4,15.150
10400,80,10242,EXECUTION,4,7.000,6.4,15.150
10402,110,10242,EXECUTION,2,6.400,6.4,15.150
10403,81,10242,EXECUTION,3,6.400,6.4,15.150
10404,111,10242,ARTISTIC,4,7.000,6.8,15.150
10405,77,10242,ARTISTIC,3,6.900,6.8,15.150
10451,107,10245,ARTISTIC,1,6.300,6.35,14.175
10452,79,10245,EXECUTION,1,6.400,6.025,14.175
10453,108,10245,ARTISTIC,2,6.700,6.35,14.175
10454,81,10245,EXECUTION,3,5.700,6.025,14.175
10455,77,10245,ARTISTIC,3,5.900,6.35,14.175
10456,80,10245,EXECUTION,4,5.700,6.025,14.175
10457,110,10245,EXECUTION,2,6.300,6.025,14.175
10458,111,10245,ARTISTIC,4,6.400,6.35,14.175
10614,112,10270,EXECUTION,2,5.800,5.8,12.500
10615,76,10270,EXECUTION,1,5.800,5.8,12.500
10616,78,10270,EXECUTION,4,6.000,5.8,12.500
10617,113,10270,ARTISTIC,4,6.300,6.2,12.500
10619,98,10270,ARTISTIC,2,6.100,6.2,12.500
10620,43,10270,ARTISTIC,1,6.300,6.2,12.500
10621,104,10270,EXECUTION,3,5.600,5.8,12.500
10622,82,10270,ARTISTIC,3,6.100,6.2,12.500
10742,108,10262,ARTISTIC,2,7.200,7.2,16.350
10743,80,10262,EXECUTION,4,6.800,6.85,16.350
10745,111,10262,ARTISTIC,4,7.000,7.2,16.350
10746,110,10262,EXECUTION,2,6.800,6.85,16.350
10747,77,10262,ARTISTIC,3,7.600,7.2,16.350
10748,81,10262,EXECUTION,3,6.900,6.85,16.350
10750,107,10262,ARTISTIC,1,7.200,7.2,16.350
10759,79,10262,EXECUTION,1,6.900,6.85,16.350
10668,98,10273,ARTISTIC,2,7.100,7.05,14.500
10670,43,10273,ARTISTIC,1,7.000,7.05,14.500
10671,104,10273,EXECUTION,3,6.500,6.65,14.500
10672,76,10273,EXECUTION,1,6.700,6.65,14.500
10674,78,10273,EXECUTION,4,6.600,6.65,14.500
10676,113,10273,ARTISTIC,4,7.000,7.05,14.500
10677,82,10273,ARTISTIC,3,7.200,7.05,14.500
10678,112,10273,EXECUTION,2,7.100,6.65,14.500
10789,107,10286,ARTISTIC,1,7.800,7.85,16.300
10790,79,10286,EXECUTION,1,7.400,7.4,16.300
10791,108,10286,ARTISTIC,2,7.500,7.85,16.300
10793,77,10286,ARTISTIC,3,7.900,7.85,16.300
10794,81,10286,EXECUTION,3,7.300,7.4,16.300
10795,80,10286,EXECUTION,4,7.400,7.4,16.300
10796,110,10286,EXECUTION,2,7.400,7.4,16.300
10797,111,10286,ARTISTIC,4,8.000,7.85,16.300
10937,79,10428,EXECUTION,1,6.500,6.45,13.100
10938,80,10428,EXECUTION,4,6.800,6.45,13.100
10939,108,10428,ARTISTIC,2,7.000,6.65,13.100
10940,81,10428,EXECUTION,3,5.500,6.45,13.100
10941,111,10428,ARTISTIC,4,6.500,6.65,13.100
10942,77,10428,ARTISTIC,3,6.400,6.65,13.100
10943,110,10428,EXECUTION,2,6.400,6.45,13.100
10944,107,10428,ARTISTIC,1,6.800,6.65,13.100
10825,81,10288,EXECUTION,3,5.400,5.7,12.350
10826,79,10288,EXECUTION,1,5.700,5.7,12.350
10827,77,10288,ARTISTIC,3,6.100,5.9,12.350
10828,108,10288,ARTISTIC,2,5.500,5.9,12.350
10829,110,10288,EXECUTION,2,5.700,5.7,12.350
10830,80,10288,EXECUTION,4,5.800,5.7,12.350
10831,111,10288,ARTISTIC,4,5.700,5.9,12.350
10837,107,10288,ARTISTIC,1,6.700,5.9,12.350
10861,107,10291,ARTISTIC,1,8.100,7.85,17.850
10862,108,10291,ARTISTIC,2,7.800,7.85,17.850
10864,111,10291,ARTISTIC,4,7.700,7.85,17.850
10865,80,10291,EXECUTION,4,7.800,7.65,17.850
10866,77,10291,ARTISTIC,3,7.900,7.85,17.850
10867,79,10291,EXECUTION,1,7.700,7.65,17.850
10868,81,10291,EXECUTION,3,7.400,7.65,17.850
10869,110,10291,EXECUTION,2,7.600,7.65,17.850
10896,112,10425,EXECUTION,2,6.700,6.7,13.900
10897,43,10425,ARTISTIC,1,7.200,7.2,13.900
10898,98,10425,ARTISTIC,2,7.900,7.2,13.900
10899,104,10425,EXECUTION,3,7.300,6.7,13.900
10900,76,10425,EXECUTION,1,6.500,6.7,13.900
10901,78,10425,EXECUTION,4,6.700,6.7,13.900
10902,113,10425,ARTISTIC,4,7.100,7.2,13.900
10903,82,10425,ARTISTIC,3,7.200,7.2,13.900
10971,107,10430,ARTISTIC,1,6.900,7.05,15.200
10973,108,10430,ARTISTIC,2,7.000,7.05,15.200
10974,79,10430,EXECUTION,1,6.800,6.6,15.200
10975,81,10430,EXECUTION,3,6.400,6.6,15.200
10976,111,10430,ARTISTIC,4,7.100,7.05,15.200
10977,110,10430,EXECUTION,2,6.500,6.6,15.200
10978,77,10430,ARTISTIC,3,7.500,7.05,15.200
10979,80,10430,EXECUTION,4,6.700,6.6,15.200
11007,79,10432,EXECUTION,1,6.700,6.75,15.500
11008,81,10432,EXECUTION,3,6.500,6.75,15.500
11010,80,10432,EXECUTION,4,6.800,6.75,15.500
11011,108,10432,ARTISTIC,2,7.000,7,15.500
11012,107,10432,ARTISTIC,1,7.000,7,15.500
11013,77,10432,ARTISTIC,3,7.300,7,15.500
11014,111,10432,ARTISTIC,4,6.600,7,15.500
11015,110,10432,EXECUTION,2,6.800,6.75,15.500
11042,81,10434,EXECUTION,3,7.200,7,16.450
11043,108,10434,ARTISTIC,2,7.500,7.5,16.450
11045,77,10434,ARTISTIC,3,7.700,7.5,16.450
11046,107,10434,ARTISTIC,1,7.000,7.5,16.450
11048,80,10434,EXECUTION,4,7.000,7,16.450
11049,111,10434,ARTISTIC,4,7.500,7.5,16.450
11050,110,10434,EXECUTION,2,7.000,7,16.450
11051,79,10434,EXECUTION,1,6.900,7,16.450
11078,107,10436,ARTISTIC,1,8.100,8.3,18.450
11081,108,10436,ARTISTIC,2,8.300,8.3,18.450
11082,80,10436,EXECUTION,4,8.200,8,18.450
11083,81,10436,EXECUTION,3,7.600,8,18.450
11084,77,10436,ARTISTIC,3,8.300,8.3,18.450
11085,110,10436,EXECUTION,2,7.900,8,18.450
11086,111,10436,ARTISTIC,4,8.500,8.3,18.450
11087,79,10436,EXECUTION,1,8.100,8,18.450
11118,76,10453,EXECUTION,1,6.600,6.6,14.350
11119,98,10453,ARTISTIC,2,7.000,6.95,14.350
11120,112,10453,EXECUTION,2,6.600,6.6,14.350
11121,104,10453,EXECUTION,3,6.300,6.6,14.350
11122,113,10453,ARTISTIC,4,7.200,6.95,14.350
11123,82,10453,ARTISTIC,3,6.700,6.95,14.350
11124,43,10453,ARTISTIC,1,6.900,6.95,14.350
11125,78,10453,EXECUTION,4,7.000,6.6,14.350
11153,76,10455,EXECUTION,1,6.000,6.1,13.100
11154,98,10455,ARTISTIC,2,6.000,6.3,13.100
11155,78,10455,EXECUTION,4,6.200,6.1,13.100
11156,43,10455,ARTISTIC,1,6.300,6.3,13.100
11157,112,10455,EXECUTION,2,6.600,6.1,13.100
11158,104,10455,EXECUTION,3,5.900,6.1,13.100
11161,113,10455,ARTISTIC,4,6.300,6.3,13.100
11163,82,10455,ARTISTIC,3,6.300,6.3,13.100
11191,98,10457,ARTISTIC,2,6.000,6.05,12.350
11192,112,10457,EXECUTION,2,5.500,5.6,12.350
11193,43,10457,ARTISTIC,1,6.100,6.05,12.350
11195,78,10457,EXECUTION,4,5.700,5.6,12.350
11196,76,10457,EXECUTION,1,6.100,5.6,12.350
11197,82,10457,ARTISTIC,3,5.700,6.05,12.350
11198,104,10457,EXECUTION,3,4.400,5.6,12.350
11199,113,10457,ARTISTIC,4,6.200,6.05,12.350
11226,112,10459,EXECUTION,2,7.100,6.95,15.250
11227,76,10459,EXECUTION,1,7.000,6.95,15.250
11229,98,10459,ARTISTIC,2,7.200,7.25,15.250
11230,78,10459,EXECUTION,4,6.900,6.95,15.250
11231,82,10459,ARTISTIC,3,7.400,7.25,15.250
11232,104,10459,EXECUTION,3,6.400,6.95,15.250
11233,113,10459,ARTISTIC,4,6.800,7.25,15.250
11234,43,10459,ARTISTIC,1,7.300,7.25,15.250
11263,107,10462,ARTISTIC,1,6.400,6.75,14.300
11264,77,10462,ARTISTIC,3,6.900,6.75,14.300
11265,108,10462,ARTISTIC,2,6.600,6.75,14.300
11266,79,10462,EXECUTION,1,6.300,6.3,14.300
11267,111,10462,ARTISTIC,4,7.100,6.75,14.300
11268,110,10462,EXECUTION,2,6.300,6.3,14.300
11269,80,10462,EXECUTION,4,6.600,6.3,14.300
11271,81,10462,EXECUTION,3,5.700,6.3,14.300
11290,112,10471,EXECUTION,2,5.800,5.9,12.800
11291,98,10471,ARTISTIC,2,6.500,6.3,12.800
11292,43,10471,ARTISTIC,1,6.000,6.3,12.800
11293,82,10471,ARTISTIC,3,6.700,6.3,12.800
11294,78,10471,EXECUTION,4,6.000,5.9,12.800
11295,76,10471,EXECUTION,1,6.400,5.9,12.800
11296,113,10471,ARTISTIC,4,6.100,6.3,12.800
11297,104,10471,EXECUTION,3,4.000,5.9,12.800
11317,104,10472,EXECUTION,3,5.800,6.5,14.400
11318,112,10472,EXECUTION,2,6.600,6.5,14.400
11319,43,10472,ARTISTIC,1,6.700,6.7,14.400
11321,98,10472,ARTISTIC,2,6.700,6.7,14.400
11322,78,10472,EXECUTION,4,6.400,6.5,14.400
11323,113,10472,ARTISTIC,4,6.700,6.7,14.400
11324,76,10472,EXECUTION,1,6.800,6.5,14.400
11325,82,10472,ARTISTIC,3,7.000,6.7,14.400
6178,46,8824,ARTISTIC,4,8.300,8.3,16.250
6179,70,8824,EXECUTION,2,7.900,7.95,16.250
6180,37,8824,EXECUTION,4,8.200,7.95,16.250
6181,71,8824,EXECUTION,3,7.900,7.95,16.250
6182,54,8824,ARTISTIC,1,8.100,8.3,16.250
6183,63,8824,ARTISTIC,3,8.300,8.3,16.250
6184,34,8824,ARTISTIC,2,8.300,8.3,16.250
6185,56,8824,EXECUTION,1,8.000,7.95,16.250
5909,46,8809,ARTISTIC,4,6.200,6.2,11.800
5910,34,8809,ARTISTIC,2,6.300,6.2,11.800
5911,54,8809,ARTISTIC,1,6.200,6.2,11.800
5912,56,8809,EXECUTION,1,5.500,5.35,11.800
5914,63,8809,ARTISTIC,3,6.000,6.2,11.800
5915,37,8809,EXECUTION,4,5.200,5.35,11.800
5916,71,8809,EXECUTION,3,4.500,5.35,11.800
5917,70,8809,EXECUTION,2,5.600,5.35,11.800
5665,54,8796,ARTISTIC,1,6.200,6.2,12.300
5666,46,8796,ARTISTIC,4,6.000,6.2,12.300
5667,37,8796,EXECUTION,4,5.500,5.45,12.300
5668,56,8796,EXECUTION,1,5.400,5.45,12.300
5669,63,8796,ARTISTIC,3,6.200,6.2,12.300
5670,70,8796,EXECUTION,2,5.700,5.45,12.300
5671,71,8796,EXECUTION,3,4.900,5.45,12.300
5673,34,8796,ARTISTIC,2,6.300,6.2,12.300
5656,38,8702,EXECUTION,2,7.700,7.65,18.000
5657,65,8702,ARTISTIC,1,8.200,8.2,18.000
5658,40,8702,EXECUTION,3,7.600,7.65,18.000
5660,35,8702,EXECUTION,4,7.800,7.65,18.000
5661,67,8702,ARTISTIC,3,8.300,8.2,18.000
5662,68,8702,ARTISTIC,4,8.200,8.2,18.000
5663,66,8702,ARTISTIC,2,8.100,8.2,18.000
5664,64,8702,EXECUTION,1,7.600,7.65,18.000
5755,65,8707,ARTISTIC,1,8.000,7.9,16.800
5756,38,8707,EXECUTION,2,7.200,7.35,16.800
5757,40,8707,EXECUTION,3,7.100,7.35,16.800
5758,35,8707,EXECUTION,4,7.600,7.35,16.800
5759,67,8707,ARTISTIC,3,7.900,7.9,16.800
5760,68,8707,ARTISTIC,4,7.900,7.9,16.800
5762,64,8707,EXECUTION,1,7.500,7.35,16.800
5763,66,8707,ARTISTIC,2,7.800,7.9,16.800
5765,46,8801,ARTISTIC,4,7.800,7.9,16.650
5766,63,8801,ARTISTIC,3,8.000,7.9,16.650
5767,37,8801,EXECUTION,4,7.400,7.35,16.650
5768,56,8801,EXECUTION,1,7.300,7.35,16.650
5769,34,8801,ARTISTIC,2,7.900,7.9,16.650
5770,70,8801,EXECUTION,2,7.400,7.35,16.650
5771,71,8801,EXECUTION,3,6.700,7.35,16.650
5772,54,8801,ARTISTIC,1,7.900,7.9,16.650
5918,38,8716,EXECUTION,2,7.100,7.05,16.150
5919,65,8716,ARTISTIC,1,7.600,7.55,16.150
5920,68,8716,ARTISTIC,4,7.500,7.55,16.150
5921,40,8716,EXECUTION,3,6.400,7.05,16.150
5922,35,8716,EXECUTION,4,7.000,7.05,16.150
5923,67,8716,ARTISTIC,3,7.500,7.55,16.150
5925,66,8716,ARTISTIC,2,7.700,7.55,16.150
5926,64,8716,EXECUTION,1,7.200,7.05,16.150
5900,38,8715,EXECUTION,2,6.800,6.85,16.000
5901,65,8715,ARTISTIC,1,7.800,7.65,16.000
5903,40,8715,EXECUTION,3,6.200,6.85,16.000
5904,35,8715,EXECUTION,4,6.900,6.85,16.000
5905,67,8715,ARTISTIC,3,7.500,7.65,16.000
5906,68,8715,ARTISTIC,4,7.400,7.65,16.000
5907,64,8715,EXECUTION,1,7.100,6.85,16.000
5908,66,8715,ARTISTIC,2,7.900,7.65,16.000
5528,40,8695,EXECUTION,3,6.900,7.15,16.550
5529,38,8695,EXECUTION,2,7.100,7.15,16.550
5530,65,8695,ARTISTIC,1,8.100,7.85,16.550
5531,67,8695,ARTISTIC,3,7.800,7.85,16.550
5532,35,8695,EXECUTION,4,7.300,7.15,16.550
5533,68,8695,ARTISTIC,4,7.700,7.85,16.550
5534,64,8695,EXECUTION,1,7.200,7.15,16.550
5535,66,8695,ARTISTIC,2,7.900,7.85,16.550
6024,65,8722,ARTISTIC,1,7.600,7.35,15.600
6025,38,8722,EXECUTION,2,6.900,6.8,15.600
6026,40,8722,EXECUTION,3,6.100,6.8,15.600
6027,67,8722,ARTISTIC,3,7.400,7.35,15.600
6029,35,8722,EXECUTION,4,7.000,6.8,15.600
6030,66,8722,ARTISTIC,2,7.300,7.35,15.600
6031,68,8722,ARTISTIC,4,7.300,7.35,15.600
6032,64,8722,EXECUTION,1,6.700,6.8,15.600
6050,70,8817,EXECUTION,2,8.000,7.95,16.100
6051,46,8817,ARTISTIC,4,8.400,8.15,16.100
6052,56,8817,EXECUTION,1,7.900,7.95,16.100
6053,37,8817,EXECUTION,4,8.300,7.95,16.100
6054,71,8817,EXECUTION,3,7.800,7.95,16.100
6055,54,8817,ARTISTIC,1,7.800,8.15,16.100
6056,63,8817,ARTISTIC,3,8.300,8.15,16.100
6057,34,8817,ARTISTIC,2,8.000,8.15,16.100
6048,64,8723,EXECUTION,1,6.900,7.05,16.250
6049,66,8723,ARTISTIC,2,7.700,7.65,16.250
6041,35,8723,EXECUTION,4,7.200,7.05,16.250
6042,40,8723,EXECUTION,3,7.000,7.05,16.250
6043,65,8723,ARTISTIC,1,7.600,7.65,16.250
6044,38,8723,EXECUTION,2,7.100,7.05,16.250
6045,68,8723,ARTISTIC,4,7.400,7.65,16.250
6046,67,8723,ARTISTIC,3,7.800,7.65,16.250
6033,70,8816,EXECUTION,2,7.800,8,15.900
6034,46,8816,ARTISTIC,4,7.700,7.9,15.900
6035,56,8816,EXECUTION,1,8.000,8,15.900
6036,37,8816,EXECUTION,4,8.200,8,15.900
6037,63,8816,ARTISTIC,3,8.000,7.9,15.900
6038,54,8816,ARTISTIC,1,8.000,7.9,15.900
6039,71,8816,EXECUTION,3,8.000,8,15.900
6040,34,8816,ARTISTIC,2,7.800,7.9,15.900
5891,46,8808,ARTISTIC,4,8.200,8.15,17.450
5892,54,8808,ARTISTIC,1,8.200,8.15,17.450
5893,70,8808,EXECUTION,2,7.300,7.25,17.450
5894,37,8808,EXECUTION,4,7.600,7.25,17.450
5895,34,8808,ARTISTIC,2,7.800,8.15,17.450
5896,71,8808,EXECUTION,3,7.000,7.25,17.450
5898,56,8808,EXECUTION,1,7.200,7.25,17.450
5899,63,8808,ARTISTIC,3,8.100,8.15,17.450
5538,54,8789,ARTISTIC,1,8.000,8.15,18.250
5539,46,8789,ARTISTIC,4,8.200,8.15,18.250
5540,70,8789,EXECUTION,2,7.500,7.6,18.250
5541,71,8789,EXECUTION,3,7.800,7.6,18.250
5542,63,8789,ARTISTIC,3,8.200,8.15,18.250
5543,56,8789,EXECUTION,1,7.600,7.6,18.250
5544,37,8789,EXECUTION,4,7.600,7.6,18.250
5545,34,8789,ARTISTIC,2,8.100,8.15,18.250
5074,65,8670,ARTISTIC,1,7.800,7.8,16.100
5075,40,8670,EXECUTION,3,6.800,6.8,16.100
5076,38,8670,EXECUTION,2,6.800,6.8,16.100
5077,35,8670,EXECUTION,4,7.100,6.8,16.100
5078,67,8670,ARTISTIC,3,7.800,7.8,16.100
5079,68,8670,ARTISTIC,4,7.700,7.8,16.100
5080,66,8670,ARTISTIC,2,8.000,7.8,16.100
5081,64,8670,EXECUTION,1,6.700,6.8,16.100
5268,54,8774,ARTISTIC,1,7.800,7.8,17.175
5269,56,8774,EXECUTION,1,6.800,7.025,17.175
5270,63,8774,ARTISTIC,3,8.000,7.8,17.175
5267,71,8774,EXECUTION,3,7.300,7.025,17.175
5264,46,8774,ARTISTIC,4,7.500,7.8,17.175
5265,70,8774,EXECUTION,2,7.300,7.025,17.175
5266,37,8774,EXECUTION,4,6.700,7.025,17.175
5272,34,8774,ARTISTIC,2,7.800,7.8,17.175
5255,65,8680,ARTISTIC,1,7.800,7.85,17.400
5256,38,8680,EXECUTION,2,7.500,7.55,17.400
5257,40,8680,EXECUTION,3,7.700,7.55,17.400
5258,35,8680,EXECUTION,4,7.400,7.55,17.400
5259,68,8680,ARTISTIC,4,7.900,7.85,17.400
5260,67,8680,ARTISTIC,3,8.200,7.85,17.400
5261,64,8680,EXECUTION,1,7.600,7.55,17.400
5262,66,8680,ARTISTIC,2,7.700,7.85,17.400
5038,38,8668,EXECUTION,2,7.300,7.3,17.050
5039,35,8668,EXECUTION,4,7.300,7.3,17.050
5040,40,8668,EXECUTION,3,7.100,7.3,17.050
5041,65,8668,ARTISTIC,1,8.000,8,17.050
5042,67,8668,ARTISTIC,3,8.200,8,17.050
5043,68,8668,ARTISTIC,4,8.000,8,17.050
5044,66,8668,ARTISTIC,2,7.800,8,17.050
5045,64,8668,EXECUTION,1,7.600,7.3,17.050
5275,40,8681,EXECUTION,3,7.500,7.55,17.500
5273,38,8681,EXECUTION,2,7.600,7.55,17.500
5276,35,8681,EXECUTION,4,7.400,7.55,17.500
5277,65,8681,ARTISTIC,1,8.100,7.95,17.500
5278,67,8681,ARTISTIC,3,7.700,7.95,17.500
5279,64,8681,EXECUTION,1,7.700,7.55,17.500
5280,68,8681,ARTISTIC,4,7.900,7.95,17.500
5281,66,8681,ARTISTIC,2,8.000,7.95,17.500
5117,46,8766,ARTISTIC,4,7.200,7.35,15.800
5118,54,8766,ARTISTIC,1,7.100,7.35,15.800
5121,56,8766,EXECUTION,1,6.700,6.55,15.800
5122,63,8766,ARTISTIC,3,7.600,7.35,15.800
5123,71,8766,EXECUTION,3,6.400,6.55,15.800
5124,37,8766,EXECUTION,4,6.000,6.55,15.800
5125,70,8766,EXECUTION,2,6.900,6.55,15.800
5126,34,8766,ARTISTIC,2,7.500,7.35,15.800
5111,65,8672,ARTISTIC,1,8.100,8.05,17.500
5113,40,8672,EXECUTION,3,7.300,7.3,17.500
5114,35,8672,EXECUTION,4,7.400,7.3,17.500
5115,67,8672,ARTISTIC,3,8.000,8.05,17.500
5116,38,8672,EXECUTION,2,7.300,7.3,17.500
5119,66,8672,ARTISTIC,2,8.000,8.05,17.500
5120,68,8672,ARTISTIC,4,8.100,8.05,17.500
5127,64,8672,EXECUTION,1,7.200,7.3,17.500
4948,38,8663,EXECUTION,2,7.500,7.5,17.150
4949,65,8663,ARTISTIC,1,8.000,8,17.150
4950,67,8663,ARTISTIC,3,8.100,8,17.150
4951,40,8663,EXECUTION,3,7.500,7.5,17.150
4952,66,8663,ARTISTIC,2,8.000,8,17.150
4953,35,8663,EXECUTION,4,7.500,7.5,17.150
4954,64,8663,EXECUTION,1,7.600,7.5,17.150
4955,68,8663,ARTISTIC,4,8.000,8,17.150
5100,46,8765,ARTISTIC,4,8.200,8.15,18.350
5101,54,8765,ARTISTIC,1,8.300,8.15,18.350
5103,37,8765,EXECUTION,4,7.600,7.7,18.350
5104,56,8765,EXECUTION,1,7.300,7.7,18.350
5105,70,8765,EXECUTION,2,7.800,7.7,18.350
5106,34,8765,ARTISTIC,2,8.100,8.15,18.350
5107,71,8765,EXECUTION,3,7.800,7.7,18.350
5108,63,8765,ARTISTIC,3,8.000,8.15,18.350
5093,38,8671,EXECUTION,2,6.800,7.05,15.600
5094,65,8671,ARTISTIC,1,7.900,7.75,15.600
5095,67,8671,ARTISTIC,3,7.700,7.75,15.600
5096,35,8671,EXECUTION,4,7.300,7.05,15.600
5097,68,8671,ARTISTIC,4,7.500,7.75,15.600
5098,64,8671,EXECUTION,1,7.000,7.05,15.600
5099,66,8671,ARTISTIC,2,7.800,7.75,15.600
5092,40,8671,EXECUTION,3,7.100,7.05,15.600
5363,38,8686,EXECUTION,2,7.500,7.55,17.750
5365,65,8686,ARTISTIC,1,8.200,8.05,17.750
5366,40,8686,EXECUTION,3,7.600,7.55,17.750
5367,66,8686,ARTISTIC,2,7.900,8.05,17.750
5368,67,8686,ARTISTIC,3,8.000,8.05,17.750
5369,35,8686,EXECUTION,4,7.700,7.55,17.750
5370,68,8686,ARTISTIC,4,8.100,8.05,17.750
5371,64,8686,EXECUTION,1,7.500,7.55,17.750
5345,38,8685,EXECUTION,2,7.700,7.7,18.100
5347,40,8685,EXECUTION,3,7.700,7.7,18.100
5348,65,8685,ARTISTIC,1,8.300,8.25,18.100
5349,35,8685,EXECUTION,4,7.800,7.7,18.100
5350,68,8685,ARTISTIC,4,8.200,8.25,18.100
5351,66,8685,ARTISTIC,2,8.200,8.25,18.100
5352,64,8685,EXECUTION,1,7.700,7.7,18.100
5355,67,8685,ARTISTIC,3,8.400,8.25,18.100
5353,46,8779,ARTISTIC,4,7.300,7.65,16.400
5354,70,8779,EXECUTION,2,6.800,6.85,16.400
5356,54,8779,ARTISTIC,1,7.700,7.65,16.400
5357,63,8779,ARTISTIC,3,7.600,7.65,16.400
5358,56,8779,EXECUTION,1,6.900,6.85,16.400
5359,37,8779,EXECUTION,4,6.800,6.85,16.400
5361,71,8779,EXECUTION,3,6.900,6.85,16.400
5362,34,8779,ARTISTIC,2,7.800,7.65,16.400
5047,46,8762,ARTISTIC,4,8.100,7.7,15.700
5048,37,8762,EXECUTION,4,6.200,6.6,15.700
5051,56,8762,EXECUTION,1,7.100,6.6,15.700
5052,34,8762,ARTISTIC,2,7.200,7.7,15.700
5053,63,8762,ARTISTIC,3,7.600,7.7,15.700
5056,54,8762,ARTISTIC,1,7.800,7.7,15.700
5050,70,8762,EXECUTION,2,7.100,6.6,15.700
5054,71,8762,EXECUTION,3,6.000,6.6,15.700
5372,54,8780,ARTISTIC,1,6.300,6.7,13.550
5373,70,8780,EXECUTION,2,6.200,6.1,13.550
5374,46,8780,ARTISTIC,4,7.100,6.7,13.550
5375,56,8780,EXECUTION,1,6.200,6.1,13.550
5376,71,8780,EXECUTION,3,6.000,6.1,13.550
5377,63,8780,ARTISTIC,3,6.400,6.7,13.550
5378,34,8780,ARTISTIC,2,7.000,6.7,13.550
5379,37,8780,EXECUTION,4,5.800,6.1,13.550
5555,46,8777,ARTISTIC,4,8.300,8.4,18.400
5556,63,8777,ARTISTIC,3,8.500,8.4,18.400
5557,54,8777,ARTISTIC,1,8.400,8.4,18.400
5558,37,8777,EXECUTION,4,7.800,7.85,18.400
5559,56,8777,EXECUTION,1,7.700,7.85,18.400
5560,70,8777,EXECUTION,2,8.100,7.85,18.400
5561,34,8777,ARTISTIC,2,8.400,8.4,18.400
5562,71,8777,EXECUTION,3,7.900,7.85,18.400
6143,68,8838,ARTISTIC,4,7.100,7.35,15.550
6144,65,8838,ARTISTIC,1,7.400,7.35,15.550
6145,35,8838,EXECUTION,4,6.900,6.75,15.550
6146,66,8838,ARTISTIC,2,7.400,7.35,15.550
6147,40,8838,EXECUTION,3,5.900,6.75,15.550
6148,67,8838,ARTISTIC,3,7.300,7.35,15.550
6149,64,8838,EXECUTION,1,6.700,6.75,15.550
6151,38,8838,EXECUTION,2,6.800,6.75,15.550
6213,38,8831,EXECUTION,2,7.600,7.6,17.400
6214,68,8831,ARTISTIC,4,8.100,7.95,17.400
6215,40,8831,EXECUTION,3,7.500,7.6,17.400
6217,65,8831,ARTISTIC,1,8.200,7.95,17.400
6218,35,8831,EXECUTION,4,7.600,7.6,17.400
6219,64,8831,EXECUTION,1,7.600,7.6,17.400
6220,67,8831,ARTISTIC,3,7.800,7.95,17.400
6221,66,8831,ARTISTIC,2,7.700,7.95,17.400
5191,70,8770,EXECUTION,2,7.700,7.55,18.250
5192,54,8770,ARTISTIC,1,8.100,8.25,18.250
5194,46,8770,ARTISTIC,4,8.200,8.25,18.250
5195,63,8770,ARTISTIC,3,8.400,8.25,18.250
5196,37,8770,EXECUTION,4,7.900,7.55,18.250
5197,56,8770,EXECUTION,1,7.400,7.55,18.250
5199,34,8770,ARTISTIC,2,8.300,8.25,18.250
5200,71,8770,EXECUTION,3,7.100,7.55,18.250
4957,46,8757,ARTISTIC,4,8.400,8.15,18.400
4959,34,8757,ARTISTIC,2,8.100,8.15,18.400
4960,37,8757,EXECUTION,4,7.900,7.75,18.400
4961,71,8757,EXECUTION,3,7.600,7.75,18.400
4962,54,8757,ARTISTIC,1,8.200,8.15,18.400
4963,56,8757,EXECUTION,1,7.800,7.75,18.400
4964,70,8757,EXECUTION,2,7.700,7.75,18.400
4965,63,8757,ARTISTIC,3,8.100,8.15,18.400
5411,70,8782,EXECUTION,2,5.200,5.1,12.350
5412,37,8782,EXECUTION,4,4.700,5.1,12.350
5413,56,8782,EXECUTION,1,5.800,5.1,12.350
5414,34,8782,ARTISTIC,2,6.800,6.6,12.350
5417,63,8782,ARTISTIC,3,6.100,6.6,12.350
5418,54,8782,ARTISTIC,1,6.400,6.6,12.350
5415,71,8782,EXECUTION,3,5.000,5.1,12.350
5410,46,8782,ARTISTIC,4,6.800,6.6,12.350
5720,65,8705,ARTISTIC,1,8.200,8.2,17.950
5722,40,8705,EXECUTION,3,7.600,7.6,17.950
5723,38,8705,EXECUTION,2,7.500,7.6,17.950
5724,35,8705,EXECUTION,4,7.600,7.6,17.950
5725,67,8705,ARTISTIC,3,8.200,8.2,17.950
5726,68,8705,ARTISTIC,4,8.300,8.2,17.950
5727,64,8705,EXECUTION,1,7.600,7.6,17.950
5728,66,8705,ARTISTIC,2,8.100,8.2,17.950
6075,38,8725,EXECUTION,2,7.800,7.75,17.950
6076,68,8725,ARTISTIC,4,7.900,8.05,17.950
6077,40,8725,EXECUTION,3,7.400,7.75,17.950
6078,65,8725,ARTISTIC,1,8.200,8.05,17.950
6079,67,8725,ARTISTIC,3,8.100,8.05,17.950
6080,64,8725,EXECUTION,1,7.700,7.75,17.950
6081,66,8725,ARTISTIC,2,8.000,8.05,17.950
6085,35,8725,EXECUTION,4,7.900,7.75,17.950
4748,38,8652,EXECUTION,2,7.500,7.5,17.600
4750,40,8652,EXECUTION,3,7.300,7.5,17.600
4751,35,8652,EXECUTION,4,7.600,7.5,17.600
4752,65,8652,ARTISTIC,1,7.800,7.95,17.600
4754,66,8652,ARTISTIC,2,7.900,7.95,17.600
4755,67,8652,ARTISTIC,3,8.000,7.95,17.600
4756,68,8652,ARTISTIC,4,8.100,7.95,17.600
4757,64,8652,EXECUTION,1,7.500,7.5,17.600
4811,46,8749,ARTISTIC,4,8.200,8.1,18.000
4812,54,8749,ARTISTIC,1,8.000,8.1,18.000
4813,70,8749,EXECUTION,2,7.700,7.45,18.000
4814,63,8749,ARTISTIC,3,8.000,8.1,18.000
4815,56,8749,EXECUTION,1,7.600,7.45,18.000
4816,37,8749,EXECUTION,4,7.300,7.45,18.000
4817,71,8749,EXECUTION,3,7.100,7.45,18.000
4818,34,8749,ARTISTIC,2,8.200,8.1,18.000
5882,38,8714,EXECUTION,2,7.200,7.25,16.800
5883,65,8714,ARTISTIC,1,7.900,7.75,16.800
5884,40,8714,EXECUTION,3,6.700,7.25,16.800
5886,35,8714,EXECUTION,4,7.300,7.25,16.800
5887,67,8714,ARTISTIC,3,7.800,7.75,16.800
5888,64,8714,EXECUTION,1,7.300,7.25,16.800
5889,68,8714,ARTISTIC,4,7.600,7.75,16.800
5890,66,8714,ARTISTIC,2,7.700,7.75,16.800
5864,35,8713,EXECUTION,4,7.400,7.3,17.150
5865,40,8713,EXECUTION,3,7.200,7.3,17.150
5866,68,8713,ARTISTIC,4,7.200,7.7,17.150
5867,65,8713,ARTISTIC,1,7.600,7.7,17.150
5868,38,8713,EXECUTION,2,7.000,7.3,17.150
5869,67,8713,ARTISTIC,3,8.000,7.7,17.150
5870,66,8713,ARTISTIC,2,7.800,7.7,17.150
5872,64,8713,EXECUTION,1,7.500,7.3,17.150
5953,65,8718,ARTISTIC,1,8.100,8.05,17.900
5954,38,8718,EXECUTION,2,7.600,7.7,17.900
5956,35,8718,EXECUTION,4,7.700,7.7,17.900
5957,40,8718,EXECUTION,3,7.700,7.7,17.900
5959,67,8718,ARTISTIC,3,8.000,8.05,17.900
5960,68,8718,ARTISTIC,4,8.200,8.05,17.900
5961,66,8718,ARTISTIC,2,7.900,8.05,17.900
5962,64,8718,EXECUTION,1,7.700,7.7,17.900
5936,65,8717,ARTISTIC,1,8.000,7.9,17.800
5937,38,8717,EXECUTION,2,7.600,7.75,17.800
5939,40,8717,EXECUTION,3,7.800,7.75,17.800
5940,35,8717,EXECUTION,4,7.800,7.75,17.800
5941,68,8717,ARTISTIC,4,8.200,7.9,17.800
5942,67,8717,ARTISTIC,3,7.800,7.9,17.800
5943,64,8717,EXECUTION,1,7.700,7.75,17.800
5944,66,8717,ARTISTIC,2,7.800,7.9,17.800
6007,65,8721,ARTISTIC,1,7.400,7.55,15.800
6008,38,8721,EXECUTION,2,7.000,7.1,15.800
6009,40,8721,EXECUTION,3,7.200,7.1,15.800
6010,67,8721,ARTISTIC,3,7.700,7.55,15.800
6011,35,8721,EXECUTION,4,7.200,7.1,15.800
6012,68,8721,ARTISTIC,4,7.600,7.55,15.800
6013,66,8721,ARTISTIC,2,7.500,7.55,15.800
6014,64,8721,EXECUTION,1,7.000,7.1,15.800
4893,38,8660,EXECUTION,2,6.500,6.3,15.100
4894,40,8660,EXECUTION,3,6.000,6.3,15.100
4895,65,8660,ARTISTIC,1,7.100,7.05,15.100
4896,67,8660,ARTISTIC,3,7.000,7.05,15.100
4897,35,8660,EXECUTION,4,6.500,6.3,15.100
4898,66,8660,ARTISTIC,2,7.300,7.05,15.100
4899,68,8660,ARTISTIC,4,6.900,7.05,15.100
4900,64,8660,EXECUTION,1,6.100,6.3,15.100
4877,40,8704,EXECUTION,3,7.400,7.5,17.700
4878,67,8704,ARTISTIC,3,8.000,8.05,17.700
4879,35,8704,EXECUTION,4,7.500,7.5,17.700
4881,68,8704,ARTISTIC,4,8.100,8.05,17.700
4882,66,8704,ARTISTIC,2,7.700,8.05,17.700
4875,38,8704,EXECUTION,2,7.500,7.5,17.700
4876,65,8704,ARTISTIC,1,8.100,8.05,17.700
4889,64,8704,EXECUTION,1,7.500,7.5,17.700
6058,40,8724,EXECUTION,3,6.600,6.7,15.650
6059,65,8724,ARTISTIC,1,7.700,7.4,15.650
6060,67,8724,ARTISTIC,3,7.300,7.4,15.650
6061,38,8724,EXECUTION,2,6.600,6.7,15.650
6062,66,8724,ARTISTIC,2,7.500,7.4,15.650
6063,35,8724,EXECUTION,4,7.200,6.7,15.650
6064,68,8724,ARTISTIC,4,7.300,7.4,15.650
6065,64,8724,EXECUTION,1,6.800,6.7,15.650
5611,70,8793,EXECUTION,2,7.500,7.35,17.050
5612,34,8793,ARTISTIC,2,7.800,7.9,17.050
5613,71,8793,EXECUTION,3,7.300,7.35,17.050
5614,46,8793,ARTISTIC,4,7.700,7.9,17.050
5615,63,8793,ARTISTIC,3,8.000,7.9,17.050
5616,37,8793,EXECUTION,4,7.400,7.35,17.050
5617,54,8793,ARTISTIC,1,8.100,7.9,17.050
5619,56,8793,EXECUTION,1,7.300,7.35,17.050
5627,46,8794,ARTISTIC,4,8.000,8.3,18.650
5628,70,8794,EXECUTION,2,7.700,7.85,18.650
5630,37,8794,EXECUTION,4,7.900,7.85,18.650
5633,54,8794,ARTISTIC,1,8.400,8.3,18.650
5634,71,8794,EXECUTION,3,8.100,7.85,18.650
5635,63,8794,ARTISTIC,3,8.200,8.3,18.650
5636,56,8794,EXECUTION,1,7.800,7.85,18.650
5637,34,8794,ARTISTIC,2,8.500,8.3,18.650
6161,46,8823,ARTISTIC,4,7.500,7.3,14.000
6162,37,8823,EXECUTION,4,6.700,6.7,14.000
6163,70,8823,EXECUTION,2,6.500,6.7,14.000
6164,63,8823,ARTISTIC,3,7.000,7.3,14.000
6165,54,8823,ARTISTIC,1,7.400,7.3,14.000
6166,34,8823,ARTISTIC,2,7.200,7.3,14.000
6167,56,8823,EXECUTION,1,6.700,6.7,14.000
6168,71,8823,EXECUTION,3,6.800,6.7,14.000
6195,65,8829,ARTISTIC,1,8.200,8,17.050
6196,35,8829,EXECUTION,4,7.500,7.5,17.050
6197,67,8829,ARTISTIC,3,8.000,8,17.050
6198,68,8829,ARTISTIC,4,8.000,8,17.050
6199,64,8829,EXECUTION,1,7.500,7.5,17.050
6200,66,8829,ARTISTIC,2,7.900,8,17.050
6201,38,8829,EXECUTION,2,7.500,7.5,17.050
6203,40,8829,EXECUTION,3,7.300,7.5,17.050
4930,38,8662,EXECUTION,2,6.900,6.9,16.550
4931,40,8662,EXECUTION,3,6.700,6.9,16.550
4932,67,8662,ARTISTIC,3,7.500,7.5,16.550
4933,35,8662,EXECUTION,4,7.100,6.9,16.550
4934,65,8662,ARTISTIC,1,7.500,7.5,16.550
4935,68,8662,ARTISTIC,4,7.300,7.5,16.550
4936,64,8662,EXECUTION,1,6.900,6.9,16.550
4938,66,8662,ARTISTIC,2,7.800,7.5,16.550
6230,65,8832,ARTISTIC,1,8.400,8.4,18.650
6231,38,8832,EXECUTION,2,8.200,8.1,18.650
6232,40,8832,EXECUTION,3,8.300,8.1,18.650
6234,64,8832,EXECUTION,1,8.000,8.1,18.650
6235,35,8832,EXECUTION,4,8.000,8.1,18.650
6236,68,8832,ARTISTIC,4,8.500,8.4,18.650
6237,66,8832,ARTISTIC,2,8.400,8.4,18.650
6238,67,8832,ARTISTIC,3,8.400,8.4,18.650
6127,38,8728,EXECUTION,2,7.600,7.75,17.950
6128,67,8728,ARTISTIC,3,8.100,8.05,17.950
6129,35,8728,EXECUTION,4,7.700,7.75,17.950
6130,40,8728,EXECUTION,3,7.800,7.75,17.950
6131,68,8728,ARTISTIC,4,8.200,8.05,17.950
6132,65,8728,ARTISTIC,1,8.000,8.05,17.950
6133,64,8728,EXECUTION,1,7.800,7.75,17.950
6134,66,8728,ARTISTIC,2,7.600,8.05,17.950
5573,54,8791,ARTISTIC,1,7.600,7.55,15.900
5574,71,8791,EXECUTION,3,7.000,6.85,15.900
5575,46,8791,ARTISTIC,4,7.800,7.55,15.900
5576,37,8791,EXECUTION,4,6.700,6.85,15.900
5577,70,8791,EXECUTION,2,7.000,6.85,15.900
5578,63,8791,ARTISTIC,3,7.400,7.55,15.900
5579,56,8791,EXECUTION,1,6.700,6.85,15.900
5580,34,8791,ARTISTIC,2,7.500,7.55,15.900
5738,38,8706,EXECUTION,2,7.700,7.6,17.950
5739,40,8706,EXECUTION,3,7.500,7.6,17.950
5740,65,8706,ARTISTIC,1,8.100,8.2,17.950
5742,68,8706,ARTISTIC,4,8.300,8.2,17.950
5743,35,8706,EXECUTION,4,7.700,7.6,17.950
5744,66,8706,ARTISTIC,2,8.200,8.2,17.950
5745,67,8706,ARTISTIC,3,8.200,8.2,17.950
5746,64,8706,EXECUTION,1,7.500,7.6,17.950
5391,46,8781,ARTISTIC,4,8.400,8.35,18.550
5392,54,8781,ARTISTIC,1,8.300,8.35,18.550
5393,70,8781,EXECUTION,2,7.700,7.7,18.550
5394,37,8781,EXECUTION,4,7.700,7.7,18.550
5395,56,8781,EXECUTION,1,7.600,7.7,18.550
5396,71,8781,EXECUTION,3,7.900,7.7,18.550
5398,63,8781,ARTISTIC,3,8.400,8.35,18.550
5399,34,8781,ARTISTIC,2,8.300,8.35,18.550
5773,65,8708,ARTISTIC,1,8.300,8.25,18.000
5774,38,8708,EXECUTION,2,7.300,7.65,18.000
5775,40,8708,EXECUTION,3,7.600,7.65,18.000
5778,35,8708,EXECUTION,4,7.800,7.65,18.000
5779,67,8708,ARTISTIC,3,8.200,8.25,18.000
5780,66,8708,ARTISTIC,2,8.100,8.25,18.000
5781,68,8708,ARTISTIC,4,8.400,8.25,18.000
5782,64,8708,EXECUTION,1,7.700,7.65,18.000
5646,54,8795,ARTISTIC,1,7.800,7.95,17.750
5647,70,8795,EXECUTION,2,7.500,7.35,17.750
5649,46,8795,ARTISTIC,4,8.100,7.95,17.750
5650,63,8795,ARTISTIC,3,8.100,7.95,17.750
5651,56,8795,EXECUTION,1,7.500,7.35,17.750
5652,37,8795,EXECUTION,4,7.000,7.35,17.750
5654,34,8795,ARTISTIC,2,7.700,7.95,17.750
5655,71,8795,EXECUTION,3,7.200,7.35,17.750
5990,65,8720,ARTISTIC,1,7.900,7.95,17.250
5991,68,8720,ARTISTIC,4,8.000,7.95,17.250
5992,38,8720,EXECUTION,2,7.700,7.4,17.250
5993,35,8720,EXECUTION,4,7.400,7.4,17.250
5994,67,8720,ARTISTIC,3,7.800,7.95,17.250
5995,66,8720,ARTISTIC,2,8.000,7.95,17.250
5996,40,8720,EXECUTION,3,7.000,7.4,17.250
5997,64,8720,EXECUTION,1,7.400,7.4,17.250
4768,40,8653,EXECUTION,3,7.100,7.2,17.200
4769,38,8653,EXECUTION,2,7.400,7.2,17.200
4770,65,8653,ARTISTIC,1,7.900,7.85,17.200
4772,68,8653,ARTISTIC,4,7.800,7.85,17.200
4773,35,8653,EXECUTION,4,7.100,7.2,17.200
4774,64,8653,EXECUTION,1,7.300,7.2,17.200
4771,67,8653,ARTISTIC,3,7.700,7.85,17.200
4775,66,8653,ARTISTIC,2,8.000,7.85,17.200
5519,70,8788,EXECUTION,2,7.600,7.6,18.250
5520,54,8788,ARTISTIC,1,8.300,8.3,18.250
5521,71,8788,EXECUTION,3,7.600,7.6,18.250
5522,46,8788,ARTISTIC,4,8.300,8.3,18.250
5523,34,8788,ARTISTIC,2,8.000,8.3,18.250
5524,63,8788,ARTISTIC,3,8.300,8.3,18.250
5525,56,8788,EXECUTION,1,7.900,7.6,18.250
5526,37,8788,EXECUTION,4,7.600,7.6,18.250
4697,35,8649,EXECUTION,4,6.900,6.7,15.900
4698,68,8649,ARTISTIC,4,7.100,7.4,15.900
4699,65,8649,ARTISTIC,1,7.500,7.4,15.900
4693,38,8649,EXECUTION,2,6.500,6.7,15.900
4696,40,8649,EXECUTION,3,5.100,6.7,15.900
4701,66,8649,ARTISTIC,2,7.800,7.4,15.900
4702,64,8649,EXECUTION,1,6.900,6.7,15.900
4703,67,8649,ARTISTIC,3,7.300,7.4,15.900
5499,37,8787,EXECUTION,4,7.100,7.1,15.900
5501,70,8787,EXECUTION,2,7.300,7.1,15.900
5503,71,8787,EXECUTION,3,7.100,7.1,15.900
5504,63,8787,ARTISTIC,3,7.300,7.6,15.900
5505,56,8787,EXECUTION,1,6.800,7.1,15.900
5506,46,8787,ARTISTIC,4,7.500,7.6,15.900
5507,54,8787,ARTISTIC,1,7.700,7.6,15.900
5508,34,8787,ARTISTIC,2,7.800,7.6,15.900
5469,56,8785,EXECUTION,1,7.400,7.3,17.250
5470,37,8785,EXECUTION,4,7.100,7.3,17.250
5471,46,8785,ARTISTIC,4,7.600,7.7,17.250
5464,34,8785,ARTISTIC,2,8.000,7.7,17.250
5465,54,8785,ARTISTIC,1,7.600,7.7,17.250
5467,70,8785,EXECUTION,2,7.400,7.3,17.250
5468,63,8785,ARTISTIC,3,7.800,7.7,17.250
5466,71,8785,EXECUTION,3,7.200,7.3,17.250
5482,71,8786,EXECUTION,3,7.400,7.5,17.650
5483,54,8786,ARTISTIC,1,8.100,8,17.650
5484,46,8786,ARTISTIC,4,7.900,8,17.650
5485,70,8786,EXECUTION,2,7.600,7.5,17.650
5486,37,8786,EXECUTION,4,7.300,7.5,17.650
5488,34,8786,ARTISTIC,2,7.700,8,17.650
5489,56,8786,EXECUTION,1,7.700,7.5,17.650
5493,63,8786,ARTISTIC,3,8.300,8,17.650
5810,40,8710,EXECUTION,3,6.800,6.8,15.400
5811,38,8710,EXECUTION,2,6.800,6.8,15.400
5812,65,8710,ARTISTIC,1,7.500,7.4,15.400
5813,35,8710,EXECUTION,4,6.800,6.8,15.400
5815,68,8710,ARTISTIC,4,7.100,7.4,15.400
5816,67,8710,ARTISTIC,3,7.700,7.4,15.400
5817,66,8710,ARTISTIC,2,7.300,7.4,15.400
5818,64,8710,EXECUTION,1,6.000,6.8,15.400
5445,54,8784,ARTISTIC,1,7.300,7.35,14.150
5446,46,8784,ARTISTIC,4,7.400,7.35,14.150
5447,56,8784,EXECUTION,1,6.100,5.85,14.150
5448,37,8784,EXECUTION,4,5.600,5.85,14.150
5449,71,8784,EXECUTION,3,5.200,5.85,14.150
5450,34,8784,ARTISTIC,2,6.600,7.35,14.150
5451,70,8784,EXECUTION,2,6.100,5.85,14.150
5453,63,8784,ARTISTIC,3,7.400,7.35,14.150
6239,35,8833,EXECUTION,4,7.500,7.65,17.800
6240,65,8833,ARTISTIC,1,8.100,8.05,17.800
6241,38,8833,EXECUTION,2,7.700,7.65,17.800
6242,68,8833,ARTISTIC,4,8.100,8.05,17.800
6243,67,8833,ARTISTIC,3,8.000,8.05,17.800
6244,66,8833,ARTISTIC,2,8.000,8.05,17.800
6245,64,8833,EXECUTION,1,7.900,7.65,17.800
6246,40,8833,EXECUTION,3,7.600,7.65,17.800
5790,38,8709,EXECUTION,2,7.500,7.55,17.700
5791,65,8709,ARTISTIC,1,7.900,8,17.700
5792,40,8709,EXECUTION,3,7.500,7.55,17.700
5794,35,8709,EXECUTION,4,7.700,7.55,17.700
5795,67,8709,ARTISTIC,3,8.000,8,17.700
5796,68,8709,ARTISTIC,4,8.200,8,17.700
5797,64,8709,EXECUTION,1,7.600,7.55,17.700
5799,66,8709,ARTISTIC,2,8.000,8,17.700
5427,65,8689,ARTISTIC,1,7.600,7.55,16.100
5428,38,8689,EXECUTION,2,7.200,7,16.100
5430,40,8689,EXECUTION,3,6.100,7,16.100
5431,35,8689,EXECUTION,4,7.100,7,16.100
5432,67,8689,ARTISTIC,3,7.500,7.55,16.100
5433,68,8689,ARTISTIC,4,7.400,7.55,16.100
5434,66,8689,ARTISTIC,2,7.700,7.55,16.100
5435,64,8689,EXECUTION,1,6.900,7,16.100
5582,38,8698,EXECUTION,2,6.300,6.5,14.900
5583,65,8698,ARTISTIC,1,7.100,7.3,14.900
5584,40,8698,EXECUTION,3,6.700,6.5,14.900
5585,35,8698,EXECUTION,4,6.800,6.5,14.900
5586,67,8698,ARTISTIC,3,7.000,7.3,14.900
5588,68,8698,ARTISTIC,4,7.500,7.3,14.900
5589,64,8698,EXECUTION,1,6.200,6.5,14.900
5590,66,8698,ARTISTIC,2,7.700,7.3,14.900
4992,71,8759,EXECUTION,3,6.800,6.45,15.000
4993,37,8759,EXECUTION,4,6.300,6.45,15.000
4994,54,8759,ARTISTIC,1,7.200,7.25,15.000
4995,46,8759,ARTISTIC,4,7.600,7.25,15.000
4996,34,8759,ARTISTIC,2,7.300,7.25,15.000
4998,63,8759,ARTISTIC,3,7.000,7.25,15.000
4999,70,8759,EXECUTION,2,6.200,6.45,15.000
5000,56,8759,EXECUTION,1,6.600,6.45,15.000
5156,46,8768,ARTISTIC,4,8.100,8.05,17.750
5157,70,8768,EXECUTION,2,7.500,7.2,17.750
5158,37,8768,EXECUTION,4,7.200,7.2,17.750
5159,63,8768,ARTISTIC,3,7.800,8.05,17.750
5160,54,8768,ARTISTIC,1,8.000,8.05,17.750
5162,56,8768,EXECUTION,1,7.200,7.2,17.750
5163,71,8768,EXECUTION,3,7.000,7.2,17.750
5164,34,8768,ARTISTIC,2,8.100,8.05,17.750
4721,37,8744,EXECUTION,4,5.300,5.05,12.350
4722,71,8744,EXECUTION,3,4.600,5.05,12.350
4723,63,8744,ARTISTIC,3,6.300,6.45,12.350
4724,56,8744,EXECUTION,1,5.900,5.05,12.350
4725,46,8744,ARTISTIC,4,6.600,6.45,12.350
4726,34,8744,ARTISTIC,2,6.800,6.45,12.350
4727,70,8744,EXECUTION,2,4.800,5.05,12.350
4729,54,8744,ARTISTIC,1,6.300,6.45,12.350
6109,38,8727,EXECUTION,2,8.000,7.7,17.900
6110,40,8727,EXECUTION,3,7.800,7.7,17.900
6111,65,8727,ARTISTIC,1,8.000,8.05,17.900
6113,35,8727,EXECUTION,4,7.600,7.7,17.900
6114,68,8727,ARTISTIC,4,8.100,8.05,17.900
6115,67,8727,ARTISTIC,3,8.200,8.05,17.900
6116,64,8727,EXECUTION,1,7.600,7.7,17.900
6117,66,8727,ARTISTIC,2,7.900,8.05,17.900
5837,38,8712,EXECUTION,2,7.400,7.5,17.800
5838,40,8712,EXECUTION,3,7.500,7.5,17.800
5839,65,8712,ARTISTIC,1,8.100,8.2,17.800
5840,35,8712,EXECUTION,4,7.500,7.5,17.800
5842,68,8712,ARTISTIC,4,8.400,8.2,17.800
5843,67,8712,ARTISTIC,3,8.200,8.2,17.800
5844,64,8712,EXECUTION,1,7.600,7.5,17.800
5845,66,8712,ARTISTIC,2,8.200,8.2,17.800
5973,40,8719,EXECUTION,3,7.000,7.1,16.000
5974,38,8719,EXECUTION,2,7.100,7.1,16.000
5975,35,8719,EXECUTION,4,7.100,7.1,16.000
5977,67,8719,ARTISTIC,3,7.900,7.7,16.000
5978,68,8719,ARTISTIC,4,7.500,7.7,16.000
5979,64,8719,EXECUTION,1,7.200,7.1,16.000
5980,66,8719,ARTISTIC,2,7.900,7.7,16.000
5972,65,8719,ARTISTIC,1,7.400,7.7,16.000
5964,46,8812,ARTISTIC,4,7.200,6.9,13.650
5965,37,8812,EXECUTION,4,5.500,6.1,13.650
5966,63,8812,ARTISTIC,3,6.800,6.9,13.650
5967,54,8812,ARTISTIC,1,6.300,6.9,13.650
5969,34,8812,ARTISTIC,2,7.000,6.9,13.650
5970,56,8812,EXECUTION,1,7.100,6.1,13.650
5963,70,8812,EXECUTION,2,6.300,6.1,13.650
5971,71,8812,EXECUTION,3,5.500,6.1,13.650
4732,40,8651,EXECUTION,3,7.500,7.75,18.150
4733,65,8651,ARTISTIC,1,8.400,8.25,18.150
4734,38,8651,EXECUTION,2,7.800,7.75,18.150
4735,67,8651,ARTISTIC,3,8.200,8.25,18.150
4736,35,8651,EXECUTION,4,7.800,7.75,18.150
4737,68,8651,ARTISTIC,4,8.300,8.25,18.150
4738,64,8651,EXECUTION,1,7.700,7.75,18.150
4739,66,8651,ARTISTIC,2,8.000,8.25,18.150
5591,34,8792,ARTISTIC,2,7.700,7.55,15.050
5593,46,8792,ARTISTIC,4,7.300,7.55,15.050
5594,71,8792,EXECUTION,3,5.600,6.15,15.050
5595,70,8792,EXECUTION,2,6.300,6.15,15.050
5596,54,8792,ARTISTIC,1,7.600,7.55,15.050
5597,56,8792,EXECUTION,1,6.000,6.15,15.050
5598,63,8792,ARTISTIC,3,7.500,7.55,15.050
5599,37,8792,EXECUTION,4,6.800,6.15,15.050
4713,38,8650,EXECUTION,2,6.800,6.85,16.100
4714,40,8650,EXECUTION,3,6.900,6.85,16.100
4715,65,8650,ARTISTIC,1,7.700,7.4,16.100
4717,35,8650,EXECUTION,4,7.000,6.85,16.100
4718,66,8650,ARTISTIC,2,7.300,7.4,16.100
4719,68,8650,ARTISTIC,4,7.300,7.4,16.100
4720,64,8650,EXECUTION,1,6.500,6.85,16.100
4730,67,8650,ARTISTIC,3,7.500,7.4,16.100
5601,38,8699,EXECUTION,2,6.400,6.55,14.500
5602,65,8699,ARTISTIC,1,7.000,7.25,14.500
5603,40,8699,EXECUTION,3,6.300,6.55,14.500
5604,35,8699,EXECUTION,4,6.700,6.55,14.500
5606,68,8699,ARTISTIC,4,7.200,7.25,14.500
5607,67,8699,ARTISTIC,3,7.300,7.25,14.500
5608,66,8699,ARTISTIC,2,7.400,7.25,14.500
5609,64,8699,EXECUTION,1,6.700,6.55,14.500
5692,56,8810,EXECUTION,1,7.000,6.9,16.550
5693,70,8810,EXECUTION,2,7.200,6.9,16.550
5694,46,8810,ARTISTIC,4,7.800,7.8,16.550
5695,54,8810,ARTISTIC,1,7.800,7.8,16.550
5696,63,8810,ARTISTIC,3,7.800,7.8,16.550
5697,37,8810,EXECUTION,4,6.600,6.9,16.550
5698,34,8810,ARTISTIC,2,7.400,7.8,16.550
5699,71,8810,EXECUTION,3,6.800,6.9,16.550
5674,40,8703,EXECUTION,3,7.200,7.45,17.400
5675,38,8703,EXECUTION,2,7.300,7.45,17.400
5676,35,8703,EXECUTION,4,7.600,7.45,17.400
5677,65,8703,ARTISTIC,1,8.300,8.25,17.400
5678,67,8703,ARTISTIC,3,8.200,8.25,17.400
5679,68,8703,ARTISTIC,4,8.100,8.25,17.400
5680,64,8703,EXECUTION,1,7.700,7.45,17.400
5681,66,8703,ARTISTIC,2,8.300,8.25,17.400
4840,35,8657,EXECUTION,4,8.100,7.95,18.500
4841,40,8657,EXECUTION,3,7.800,7.95,18.500
4842,68,8657,ARTISTIC,4,8.600,8.4,18.500
4843,65,8657,ARTISTIC,1,8.500,8.4,18.500
4844,66,8657,ARTISTIC,2,8.300,8.4,18.500
4846,38,8657,EXECUTION,2,8.000,7.95,18.500
4847,64,8657,EXECUTION,1,7.900,7.95,18.500
4839,67,8657,ARTISTIC,3,8.300,8.4,18.500
5682,54,8839,ARTISTIC,1,8.000,7.8,17.000
5683,46,8839,ARTISTIC,4,7.700,7.8,17.000
5685,63,8839,ARTISTIC,3,7.900,7.8,17.000
5686,34,8839,ARTISTIC,2,7.600,7.8,17.000
5687,70,8839,EXECUTION,2,7.300,7.15,17.000
5688,37,8839,EXECUTION,4,7.100,7.15,17.000
5689,71,8839,EXECUTION,3,6.800,7.15,17.000
5690,56,8839,EXECUTION,1,7.200,7.15,17.000
5701,65,8659,ARTISTIC,1,8.400,8.35,18.200
5702,38,8659,EXECUTION,2,7.700,7.7,18.200
5704,40,8659,EXECUTION,3,7.800,7.7,18.200
5705,68,8659,ARTISTIC,4,8.600,8.35,18.200
5706,35,8659,EXECUTION,4,7.700,7.7,18.200
5707,67,8659,ARTISTIC,3,8.300,8.35,18.200
5708,64,8659,EXECUTION,1,7.700,7.7,18.200
5709,66,8659,ARTISTIC,2,8.200,8.35,18.200
4857,38,8658,EXECUTION,2,6.400,6.4,15.400
4859,40,8658,EXECUTION,3,6.400,6.4,15.400
4860,65,8658,ARTISTIC,1,7.600,7.5,15.400
4861,67,8658,ARTISTIC,3,7.400,7.5,15.400
4862,35,8658,EXECUTION,4,6.300,6.4,15.400
4863,68,8658,ARTISTIC,4,6.800,7.5,15.400
4864,66,8658,ARTISTIC,2,7.800,7.5,15.400
4865,64,8658,EXECUTION,1,6.900,6.4,15.400
5855,46,8806,ARTISTIC,4,7.800,7.95,17.500
5856,63,8806,ARTISTIC,3,7.900,7.95,17.500
5857,70,8806,EXECUTION,2,7.400,7.4,17.500
5858,54,8806,ARTISTIC,1,8.100,7.95,17.500
5859,34,8806,ARTISTIC,2,8.000,7.95,17.500
5861,71,8806,EXECUTION,3,7.400,7.4,17.500
5862,37,8806,EXECUTION,4,7.300,7.4,17.500
5863,56,8806,EXECUTION,1,7.500,7.4,17.500
5819,37,8804,EXECUTION,4,8.400,8.15,19.100
5820,54,8804,ARTISTIC,1,8.400,8.45,19.100
5821,46,8804,ARTISTIC,4,8.500,8.45,19.100
5823,63,8804,ARTISTIC,3,8.500,8.45,19.100
5824,56,8804,EXECUTION,1,8.100,8.15,19.100
5825,70,8804,EXECUTION,2,8.000,8.15,19.100
5826,71,8804,EXECUTION,3,8.200,8.15,19.100
5827,34,8804,ARTISTIC,2,8.400,8.45,19.100
4975,46,8758,ARTISTIC,4,8.200,8,18.000
4977,37,8758,EXECUTION,4,7.400,7.5,18.000
4978,34,8758,ARTISTIC,2,8.000,8,18.000
4979,54,8758,ARTISTIC,1,7.900,8,18.000
4980,70,8758,EXECUTION,2,7.800,7.5,18.000
4981,63,8758,ARTISTIC,3,8.000,8,18.000
4982,71,8758,EXECUTION,3,7.500,7.5,18.000
4983,56,8758,EXECUTION,1,7.500,7.5,18.000
5174,54,8769,ARTISTIC,1,7.800,7.85,17.250
5177,56,8769,EXECUTION,1,6.700,6.95,17.250
5178,34,8769,ARTISTIC,2,7.700,7.85,17.250
5179,37,8769,EXECUTION,4,7.100,6.95,17.250
5180,46,8769,ARTISTIC,4,8.100,7.85,17.250
5181,63,8769,ARTISTIC,3,7.900,7.85,17.250
5182,70,8769,EXECUTION,2,7.200,6.95,17.250
5176,71,8769,EXECUTION,3,6.800,6.95,17.250
5011,71,8760,EXECUTION,3,7.800,7.75,18.400
5012,54,8760,ARTISTIC,1,8.100,8.2,18.400
5013,46,8760,ARTISTIC,4,8.300,8.2,18.400
5014,56,8760,EXECUTION,1,7.700,7.75,18.400
5015,63,8760,ARTISTIC,3,8.000,8.2,18.400
5016,37,8760,EXECUTION,4,7.900,7.75,18.400
5017,34,8760,ARTISTIC,2,8.300,8.2,18.400
5018,70,8760,EXECUTION,2,7.700,7.75,18.400
6082,37,8819,EXECUTION,4,8.400,8.1,15.950
6083,34,8819,ARTISTIC,2,7.800,7.85,15.950
6084,71,8819,EXECUTION,3,8.000,8.1,15.950
6086,46,8819,ARTISTIC,4,7.700,7.85,15.950
6087,70,8819,EXECUTION,2,7.900,8.1,15.950
6088,54,8819,ARTISTIC,1,7.900,7.85,15.950
6089,56,8819,EXECUTION,1,8.200,8.1,15.950
6090,63,8819,ARTISTIC,3,8.100,7.85,15.950
6092,68,8726,ARTISTIC,4,7.600,7.5,16.100
6093,65,8726,ARTISTIC,1,7.700,7.5,16.100
6094,35,8726,EXECUTION,4,7.200,7.2,16.100
6095,38,8726,EXECUTION,2,7.200,7.2,16.100
6096,67,8726,ARTISTIC,3,7.400,7.5,16.100
6097,40,8726,EXECUTION,3,6.900,7.2,16.100
6098,66,8726,ARTISTIC,2,7.300,7.5,16.100
6099,64,8726,EXECUTION,1,7.300,7.2,16.100
4830,37,8750,EXECUTION,4,6.900,7.05,16.250
4831,54,8750,ARTISTIC,1,7.800,7.75,16.250
4832,63,8750,ARTISTIC,3,7.700,7.75,16.250
4833,71,8750,EXECUTION,3,7.000,7.05,16.250
4835,70,8750,EXECUTION,2,7.100,7.05,16.250
4836,46,8750,ARTISTIC,4,8.200,7.75,16.250
4837,56,8750,EXECUTION,1,7.100,7.05,16.250
4838,34,8750,ARTISTIC,2,7.500,7.75,16.250
5847,46,8805,ARTISTIC,4,8.200,8.2,17.700
5848,71,8805,EXECUTION,3,7.800,7.6,17.700
5849,70,8805,EXECUTION,2,7.600,7.6,17.700
5850,56,8805,EXECUTION,1,7.400,7.6,17.700
5851,63,8805,ARTISTIC,3,8.200,8.2,17.700
5852,34,8805,ARTISTIC,2,8.100,8.2,17.700
5853,54,8805,ARTISTIC,1,8.200,8.2,17.700
5854,37,8805,EXECUTION,4,7.600,7.6,17.700
5147,65,8674,ARTISTIC,1,8.200,8,17.050
5149,38,8674,EXECUTION,2,6.900,7.2,17.050
5150,40,8674,EXECUTION,3,7.100,7.2,17.050
5151,67,8674,ARTISTIC,3,8.000,8,17.050
5152,35,8674,EXECUTION,4,7.400,7.2,17.050
5153,68,8674,ARTISTIC,4,7.700,8,17.050
5154,64,8674,EXECUTION,1,7.300,7.2,17.050
5155,66,8674,ARTISTIC,2,8.000,8,17.050
5139,71,8767,EXECUTION,3,7.000,7.7,18.200
5140,54,8767,ARTISTIC,1,8.000,8.05,18.200
5141,37,8767,EXECUTION,4,7.700,7.7,18.200
5142,46,8767,ARTISTIC,4,8.100,8.05,18.200
5143,63,8767,ARTISTIC,3,8.200,8.05,18.200
5144,70,8767,EXECUTION,2,7.700,7.7,18.200
5145,56,8767,EXECUTION,1,7.800,7.7,18.200
5146,34,8767,ARTISTIC,2,8.000,8.05,18.200
5828,38,8711,EXECUTION,2,7.500,7.45,17.550
5829,40,8711,EXECUTION,3,7.100,7.45,17.550
5830,35,8711,EXECUTION,4,7.400,7.45,17.550
5831,65,8711,ARTISTIC,1,8.000,8,17.550
5832,67,8711,ARTISTIC,3,8.000,8,17.550
5833,68,8711,ARTISTIC,4,8.000,8,17.550
5834,66,8711,ARTISTIC,2,7.700,8,17.550
5835,64,8711,EXECUTION,1,7.500,7.45,17.550
5318,54,8790,ARTISTIC,1,8.300,8.35,18.600
5319,70,8790,EXECUTION,2,7.700,7.75,18.600
5320,34,8790,ARTISTIC,2,8.400,8.35,18.600
5321,46,8790,ARTISTIC,4,8.000,8.35,18.600
5322,56,8790,EXECUTION,1,8.000,7.75,18.600
5323,37,8790,EXECUTION,4,7.700,7.75,18.600
5324,63,8790,ARTISTIC,3,8.400,8.35,18.600
5326,71,8790,EXECUTION,3,7.800,7.75,18.600
4966,65,8664,ARTISTIC,1,7.900,7.4,15.750
4967,40,8664,EXECUTION,3,6.300,6.8,15.750
4968,38,8664,EXECUTION,2,7.100,6.8,15.750
4969,66,8664,ARTISTIC,2,7.700,7.4,15.750
4970,35,8664,EXECUTION,4,6.800,6.8,15.750
4971,67,8664,ARTISTIC,3,7.200,7.4,15.750
4972,68,8664,ARTISTIC,4,6.800,7.4,15.750
4974,64,8664,EXECUTION,1,6.800,6.8,15.750
5019,65,8667,ARTISTIC,1,8.300,8.35,18.450
5020,40,8667,EXECUTION,3,8.000,7.95,18.450
5022,38,8667,EXECUTION,2,7.900,7.95,18.450
5024,35,8667,EXECUTION,4,7.800,7.95,18.450
5025,68,8667,ARTISTIC,4,8.500,8.35,18.450
5026,67,8667,ARTISTIC,3,8.300,8.35,18.450
5027,66,8667,ARTISTIC,2,8.400,8.35,18.450
5028,64,8667,EXECUTION,1,8.000,7.95,18.450
4984,38,8665,EXECUTION,2,7.500,7.4,17.150
4985,40,8665,EXECUTION,3,7.000,7.4,17.150
4986,65,8665,ARTISTIC,1,8.000,7.8,17.150
4987,35,8665,EXECUTION,4,7.400,7.4,17.150
4988,67,8665,ARTISTIC,3,7.800,7.8,17.150
4989,66,8665,ARTISTIC,2,7.600,7.8,17.150
4990,68,8665,ARTISTIC,4,7.800,7.8,17.150
4991,64,8665,EXECUTION,1,7.400,7.4,17.150
5166,40,8675,EXECUTION,3,6.700,6.8,15.850
5167,65,8675,ARTISTIC,1,7.600,7.6,15.850
5168,67,8675,ARTISTIC,3,7.800,7.6,15.850
5169,35,8675,EXECUTION,4,6.900,6.8,15.850
5170,68,8675,ARTISTIC,4,7.300,7.6,15.850
5171,66,8675,ARTISTIC,2,7.600,7.6,15.850
5173,64,8675,EXECUTION,1,6.700,6.8,15.850
5165,38,8675,EXECUTION,2,7.400,6.8,15.850
5002,38,8666,EXECUTION,2,7.600,7.45,17.550
5004,65,8666,ARTISTIC,1,7.900,8,17.550
5005,40,8666,EXECUTION,3,7.300,7.45,17.550
5006,35,8666,EXECUTION,4,7.400,7.45,17.550
5007,67,8666,ARTISTIC,3,8.100,8,17.550
5008,66,8666,ARTISTIC,2,7.800,8,17.550
5009,68,8666,ARTISTIC,4,8.200,8,17.550
5010,64,8666,EXECUTION,1,7.500,7.45,17.550
5183,35,8676,EXECUTION,4,7.300,7.25,17.050
5184,65,8676,ARTISTIC,1,8.000,7.7,17.050
5185,67,8676,ARTISTIC,3,7.700,7.7,17.050
5186,66,8676,ARTISTIC,2,7.700,7.7,17.050
5187,40,8676,EXECUTION,3,6.600,7.25,17.050
5188,64,8676,EXECUTION,1,7.200,7.25,17.050
5190,68,8676,ARTISTIC,4,7.600,7.7,17.050
5198,38,8676,EXECUTION,2,7.300,7.25,17.050
5336,71,8778,EXECUTION,3,6.700,6.85,15.800
5337,54,8778,ARTISTIC,1,6.500,7.45,15.800
5338,34,8778,ARTISTIC,2,7.400,7.45,15.800
5339,37,8778,EXECUTION,4,6.200,6.85,15.800
5340,63,8778,ARTISTIC,3,7.500,7.45,15.800
5342,56,8778,EXECUTION,1,7.100,6.85,15.800
5343,70,8778,EXECUTION,2,7.000,6.85,15.800
5344,46,8778,ARTISTIC,4,7.700,7.45,15.800
5309,38,8683,EXECUTION,2,7.000,6.95,16.350
5310,40,8683,EXECUTION,3,6.900,6.95,16.350
5311,65,8683,ARTISTIC,1,7.600,7.65,16.350
5312,35,8683,EXECUTION,4,7.100,6.95,16.350
5313,68,8683,ARTISTIC,4,7.500,7.65,16.350
5315,66,8683,ARTISTIC,2,7.700,7.65,16.350
5316,64,8683,EXECUTION,1,6.800,6.95,16.350
5317,67,8683,ARTISTIC,3,7.800,7.65,16.350
5291,38,8682,EXECUTION,2,6.600,6.4,14.850
5292,65,8682,ARTISTIC,1,7.400,7.25,14.850
5293,68,8682,ARTISTIC,4,6.900,7.25,14.850
5294,40,8682,EXECUTION,3,7.000,6.4,14.850
5295,67,8682,ARTISTIC,3,7.300,7.25,14.850
5296,35,8682,EXECUTION,4,6.200,6.4,14.850
5298,66,8682,ARTISTIC,2,7.200,7.25,14.850
5299,64,8682,EXECUTION,1,6.100,6.4,14.850
5282,46,8775,ARTISTIC,4,7.700,7.7,17.250
5283,54,8775,ARTISTIC,1,7.700,7.7,17.250
5284,34,8775,ARTISTIC,2,7.400,7.7,17.250
5285,56,8775,EXECUTION,1,7.000,7.3,17.250
5286,37,8775,EXECUTION,4,7.500,7.3,17.250
5287,70,8775,EXECUTION,2,7.200,7.3,17.250
5288,63,8775,ARTISTIC,3,7.800,7.7,17.250
5290,71,8775,EXECUTION,3,7.400,7.3,17.250
5327,40,8684,EXECUTION,3,7.600,7.6,17.750
5329,65,8684,ARTISTIC,1,7.800,8,17.750
5330,67,8684,ARTISTIC,3,8.000,8,17.750
5331,35,8684,EXECUTION,4,7.700,7.6,17.750
5332,68,8684,ARTISTIC,4,8.300,8,17.750
5333,38,8684,EXECUTION,2,7.600,7.6,17.750
5334,64,8684,EXECUTION,1,7.500,7.6,17.750
5335,66,8684,ARTISTIC,2,8.000,8,17.750
5300,70,8776,EXECUTION,2,7.600,7.45,17.850
5302,54,8776,ARTISTIC,1,8.100,7.9,17.850
5303,71,8776,EXECUTION,3,7.500,7.45,17.850
5304,37,8776,EXECUTION,4,7.400,7.45,17.850
5305,34,8776,ARTISTIC,2,7.800,7.9,17.850
5306,63,8776,ARTISTIC,3,8.000,7.9,17.850
5307,46,8776,ARTISTIC,4,7.500,7.9,17.850
5308,56,8776,EXECUTION,1,7.200,7.45,17.850
5874,56,8807,EXECUTION,1,7.500,7.65,18.250
5875,46,8807,ARTISTIC,4,8.200,8.2,18.250
5876,37,8807,EXECUTION,4,7.800,7.65,18.250
5877,54,8807,ARTISTIC,1,8.000,8.2,18.250
5878,71,8807,EXECUTION,3,7.500,7.65,18.250
5879,70,8807,EXECUTION,2,7.800,7.65,18.250
5880,34,8807,ARTISTIC,2,8.300,8.2,18.250
5881,63,8807,ARTISTIC,3,8.200,8.2,18.250
5029,46,8761,ARTISTIC,4,8.400,8.35,18.900
5030,37,8761,EXECUTION,4,8.200,8.05,18.900
5031,54,8761,ARTISTIC,1,8.500,8.35,18.900
5033,56,8761,EXECUTION,1,8.100,8.05,18.900
5034,70,8761,EXECUTION,2,8.000,8.05,18.900
5035,63,8761,ARTISTIC,3,8.300,8.35,18.900
5036,71,8761,EXECUTION,3,7.800,8.05,18.900
5037,34,8761,ARTISTIC,2,8.200,8.35,18.900
5945,70,8811,EXECUTION,2,7.600,7.35,16.550
5947,46,8811,ARTISTIC,4,8.200,8.2,16.550
5948,54,8811,ARTISTIC,1,8.200,8.2,16.550
5949,71,8811,EXECUTION,3,7.300,7.35,16.550
5950,37,8811,EXECUTION,4,7.400,7.35,16.550
5951,63,8811,ARTISTIC,3,8.000,8.2,16.550
5952,34,8811,ARTISTIC,2,8.500,8.2,16.550
5946,56,8811,EXECUTION,1,7.000,7.35,16.550
5473,38,8692,EXECUTION,2,7.500,7.45,17.350
5474,40,8692,EXECUTION,3,7.200,7.45,17.350
5475,65,8692,ARTISTIC,1,8.000,8.1,17.350
5476,67,8692,ARTISTIC,3,8.200,8.1,17.350
5477,66,8692,ARTISTIC,2,8.000,8.1,17.350
5478,35,8692,EXECUTION,4,7.400,7.45,17.350
5479,64,8692,EXECUTION,1,7.600,7.45,17.350
5480,68,8692,ARTISTIC,4,8.200,8.1,17.350
5729,70,8799,EXECUTION,2,7.400,7.15,17.150
5730,63,8799,ARTISTIC,3,8.200,8.05,17.150
5731,34,8799,ARTISTIC,2,8.000,8.05,17.150
5732,46,8799,ARTISTIC,4,8.100,8.05,17.150
5733,54,8799,ARTISTIC,1,7.900,8.05,17.150
5734,71,8799,EXECUTION,3,7.100,7.15,17.150
5735,37,8799,EXECUTION,4,6.700,7.15,17.150
5736,56,8799,EXECUTION,1,7.200,7.15,17.150
6067,70,8818,EXECUTION,2,7.800,8,16.050
6068,71,8818,EXECUTION,3,7.900,8,16.050
6069,46,8818,ARTISTIC,4,7.900,8.05,16.050
6070,63,8818,ARTISTIC,3,8.000,8.05,16.050
6071,56,8818,EXECUTION,1,8.100,8,16.050
6072,34,8818,ARTISTIC,2,8.100,8.05,16.050
6073,37,8818,EXECUTION,4,8.400,8,16.050
6074,54,8818,ARTISTIC,1,8.200,8.05,16.050
5400,38,8688,EXECUTION,2,7.100,7.05,16.350
5401,40,8688,EXECUTION,3,7.000,7.05,16.350
5402,65,8688,ARTISTIC,1,7.500,7.8,16.350
5403,67,8688,ARTISTIC,3,7.800,7.8,16.350
5404,35,8688,EXECUTION,4,7.000,7.05,16.350
5405,68,8688,ARTISTIC,4,7.800,7.8,16.350
5407,64,8688,EXECUTION,1,7.200,7.05,16.350
5408,66,8688,ARTISTIC,2,8.000,7.8,16.350
4820,65,8656,ARTISTIC,1,7.800,7.5,16.900
4821,38,8656,EXECUTION,2,7.400,7.25,16.900
4822,40,8656,EXECUTION,3,7.300,7.25,16.900
4823,35,8656,EXECUTION,4,6.900,7.25,16.900
4824,67,8656,ARTISTIC,3,7.300,7.5,16.900
4825,68,8656,ARTISTIC,4,7.300,7.5,16.900
4826,66,8656,ARTISTIC,2,7.900,7.5,16.900
4827,64,8656,EXECUTION,1,7.200,7.25,16.900
4759,71,8746,EXECUTION,3,6.900,6.95,16.400
4760,56,8746,EXECUTION,1,7.000,6.95,16.400
4761,46,8746,ARTISTIC,4,7.900,7.7,16.400
4762,63,8746,ARTISTIC,3,7.600,7.7,16.400
4763,54,8746,ARTISTIC,1,7.600,7.7,16.400
4764,37,8746,EXECUTION,4,6.900,6.95,16.400
4765,70,8746,EXECUTION,2,7.600,6.95,16.400
4766,34,8746,ARTISTIC,2,7.800,7.7,16.400
5129,38,8673,EXECUTION,2,7.000,7.3,17.100
5130,65,8673,ARTISTIC,1,7.800,7.85,17.100
5131,40,8673,EXECUTION,3,7.400,7.3,17.100
5133,66,8673,ARTISTIC,2,7.900,7.85,17.100
5134,35,8673,EXECUTION,4,7.200,7.3,17.100
5135,67,8673,ARTISTIC,3,7.900,7.85,17.100
5136,68,8673,ARTISTIC,4,7.800,7.85,17.100
5137,64,8673,EXECUTION,1,7.400,7.3,17.100
4939,70,8756,EXECUTION,2,7.400,7.4,17.450
4940,54,8756,ARTISTIC,1,7.800,7.75,17.450
4941,37,8756,EXECUTION,4,7.400,7.4,17.450
4942,63,8756,ARTISTIC,3,7.900,7.75,17.450
4943,71,8756,EXECUTION,3,7.300,7.4,17.450
4944,46,8756,ARTISTIC,4,7.700,7.75,17.450
4945,34,8756,ARTISTIC,2,7.700,7.75,17.450
4947,56,8756,EXECUTION,1,7.400,7.4,17.450
5201,65,8677,ARTISTIC,1,8.400,8.4,18.450
5202,38,8677,EXECUTION,2,7.900,7.9,18.450
5203,40,8677,EXECUTION,3,8.000,7.9,18.450
5204,67,8677,ARTISTIC,3,8.600,8.4,18.450
5205,35,8677,EXECUTION,4,7.900,7.9,18.450
5206,68,8677,ARTISTIC,4,8.400,8.4,18.450
5207,64,8677,EXECUTION,1,7.900,7.9,18.450
5208,66,8677,ARTISTIC,2,8.300,8.4,18.450
5546,38,8696,EXECUTION,2,7.400,7.35,17.000
5547,65,8696,ARTISTIC,1,7.800,7.8,17.000
5548,40,8696,EXECUTION,3,6.800,7.35,17.000
5549,35,8696,EXECUTION,4,7.500,7.35,17.000
5550,67,8696,ARTISTIC,3,7.800,7.8,17.000
5552,68,8696,ARTISTIC,4,7.800,7.8,17.000
5553,64,8696,EXECUTION,1,7.300,7.35,17.000
5554,66,8696,ARTISTIC,2,7.800,7.8,17.000
6204,65,8830,ARTISTIC,1,7.000,7.3,14.950
6205,40,8830,EXECUTION,3,6.700,6.6,14.950
6206,38,8830,EXECUTION,2,6.600,6.6,14.950
6207,35,8830,EXECUTION,4,6.200,6.6,14.950
6208,67,8830,ARTISTIC,3,7.300,7.3,14.950
6210,68,8830,ARTISTIC,4,7.300,7.3,14.950
6211,64,8830,EXECUTION,1,6.600,6.6,14.950
6212,66,8830,ARTISTIC,2,7.500,7.3,14.950
5565,38,8697,EXECUTION,2,6.700,6.75,15.550
5564,65,8697,ARTISTIC,1,7.400,7.35,15.550
5566,40,8697,EXECUTION,3,6.400,6.75,15.550
5567,35,8697,EXECUTION,4,7.200,6.75,15.550
5568,67,8697,ARTISTIC,3,7.200,7.35,15.550
5569,68,8697,ARTISTIC,4,7.400,7.35,15.550
5570,66,8697,ARTISTIC,2,7.300,7.35,15.550
5571,64,8697,EXECUTION,1,6.800,6.75,15.550
6015,37,8815,EXECUTION,4,7.700,7.65,15.500
6016,56,8815,EXECUTION,1,7.700,7.65,15.500
6017,34,8815,ARTISTIC,2,7.900,7.85,15.500
6018,71,8815,EXECUTION,3,7.600,7.65,15.500
6019,63,8815,ARTISTIC,3,7.800,7.85,15.500
6020,46,8815,ARTISTIC,4,8.100,7.85,15.500
6021,54,8815,ARTISTIC,1,7.800,7.85,15.500
6022,70,8815,EXECUTION,2,7.600,7.65,15.500
5999,63,8814,ARTISTIC,3,7.900,8.05,15.950
6000,71,8814,EXECUTION,3,7.700,7.9,15.950
6002,46,8814,ARTISTIC,4,7.800,8.05,15.950
6003,37,8814,EXECUTION,4,8.300,7.9,15.950
6001,34,8814,ARTISTIC,2,8.200,8.05,15.950
6004,56,8814,EXECUTION,1,8.100,7.9,15.950
6005,54,8814,ARTISTIC,1,8.200,8.05,15.950
6006,70,8814,EXECUTION,2,7.400,7.9,15.950
4883,37,8753,EXECUTION,4,7.700,7.7,18.100
4884,63,8753,ARTISTIC,3,8.300,7.95,18.100
4885,46,8753,ARTISTIC,4,8.000,7.95,18.100
4886,56,8753,EXECUTION,1,7.800,7.7,18.100
4887,71,8753,EXECUTION,3,7.200,7.7,18.100
4891,34,8753,ARTISTIC,2,7.800,7.95,18.100
4892,70,8753,EXECUTION,2,7.700,7.7,18.100
4890,54,8753,ARTISTIC,1,7.900,7.95,18.100
4866,54,8752,ARTISTIC,1,7.400,7.4,15.450
4867,46,8752,ARTISTIC,4,7.400,7.4,15.450
4868,70,8752,EXECUTION,2,6.200,6.3,15.450
4869,63,8752,ARTISTIC,3,7.500,7.4,15.450
4870,37,8752,EXECUTION,4,6.600,6.3,15.450
4872,71,8752,EXECUTION,3,5.100,6.3,15.450
4873,34,8752,ARTISTIC,2,7.200,7.4,15.450
4874,56,8752,EXECUTION,1,6.400,6.3,15.450
5620,40,8700,EXECUTION,3,6.800,6.85,15.050
5621,38,8700,EXECUTION,2,6.700,6.85,15.050
5622,65,8700,ARTISTIC,1,7.200,7.4,15.050
5623,67,8700,ARTISTIC,3,7.400,7.4,15.050
5624,68,8700,ARTISTIC,4,7.500,7.4,15.050
5625,64,8700,EXECUTION,1,6.900,6.85,15.050
5626,66,8700,ARTISTIC,2,7.400,7.4,15.050
5629,35,8700,EXECUTION,4,6.900,6.85,15.050
5490,65,8693,ARTISTIC,1,8.100,7.95,17.100
5491,38,8693,EXECUTION,2,7.500,7.35,17.100
5492,40,8693,EXECUTION,3,7.300,7.35,17.100
5494,35,8693,EXECUTION,4,7.300,7.35,17.100
5495,66,8693,ARTISTIC,2,7.900,7.95,17.100
5496,67,8693,ARTISTIC,3,8.000,7.95,17.100
5497,68,8693,ARTISTIC,4,7.900,7.95,17.100
5498,64,8693,EXECUTION,1,7.400,7.35,17.100
4740,46,8745,ARTISTIC,4,7.700,7.7,16.000
4741,56,8745,EXECUTION,1,6.300,6.55,16.000
4742,63,8745,ARTISTIC,3,7.700,7.7,16.000
4743,71,8745,EXECUTION,3,6.200,6.55,16.000
4744,54,8745,ARTISTIC,1,7.500,7.7,16.000
4745,37,8745,EXECUTION,4,7.000,6.55,16.000
4746,34,8745,ARTISTIC,2,8.100,7.7,16.000
4747,70,8745,EXECUTION,2,6.800,6.55,16.000
5455,35,8691,EXECUTION,4,7.500,7.65,17.800
5456,65,8691,ARTISTIC,1,8.300,8.3,17.800
5457,67,8691,ARTISTIC,3,8.300,8.3,17.800
5458,40,8691,EXECUTION,3,7.600,7.65,17.800
5459,38,8691,EXECUTION,2,7.700,7.65,17.800
5460,64,8691,EXECUTION,1,7.800,7.65,17.800
5461,68,8691,ARTISTIC,4,8.300,8.3,17.800
5462,66,8691,ARTISTIC,2,8.400,8.3,17.800
4704,56,8743,EXECUTION,1,5.500,4.85,12.050
4705,46,8743,ARTISTIC,4,6.300,6.35,12.050
4706,63,8743,ARTISTIC,3,5.900,6.35,12.050
4708,37,8743,EXECUTION,4,4.000,4.85,12.050
4710,34,8743,ARTISTIC,2,6.700,6.35,12.050
4711,54,8743,ARTISTIC,1,6.400,6.35,12.050
4712,71,8743,EXECUTION,3,4.600,4.85,12.050
4707,70,8743,EXECUTION,2,5.300,4.85,12.050
5927,46,8797,ARTISTIC,4,8.300,8.3,18.600
5928,37,8797,EXECUTION,4,7.900,7.8,18.600
5930,70,8797,EXECUTION,2,7.700,7.8,18.600
5931,63,8797,ARTISTIC,3,8.400,8.3,18.600
5932,54,8797,ARTISTIC,1,8.300,8.3,18.600
5933,34,8797,ARTISTIC,2,8.200,8.3,18.600
5934,71,8797,EXECUTION,3,7.900,7.8,18.600
5935,56,8797,EXECUTION,1,7.400,7.8,18.600
5747,54,8800,ARTISTIC,1,8.000,8.1,18.050
5748,46,8800,ARTISTIC,4,8.200,8.1,18.050
5749,70,8800,EXECUTION,2,7.700,7.65,18.050
5750,37,8800,EXECUTION,4,7.500,7.65,18.050
5751,71,8800,EXECUTION,3,7.800,7.65,18.050
5752,63,8800,ARTISTIC,3,8.100,8.1,18.050
5753,56,8800,EXECUTION,1,7.600,7.65,18.050
5754,34,8800,ARTISTIC,2,8.100,8.1,18.050
5382,40,8687,EXECUTION,3,6.500,7.4,16.950
5383,65,8687,ARTISTIC,1,7.600,7.95,16.950
5384,35,8687,EXECUTION,4,7.400,7.4,16.950
5385,68,8687,ARTISTIC,4,8.200,7.95,16.950
5386,64,8687,EXECUTION,1,7.400,7.4,16.950
5387,67,8687,ARTISTIC,3,7.900,7.95,16.950
5388,66,8687,ARTISTIC,2,8.000,7.95,16.950
5390,38,8687,EXECUTION,2,7.400,7.4,16.950
5712,37,8798,EXECUTION,4,8.000,7.7,18.500
5713,46,8798,ARTISTIC,4,8.300,8.3,18.500
5714,71,8798,EXECUTION,3,7.600,7.7,18.500
5715,56,8798,EXECUTION,1,7.800,7.7,18.500
5716,54,8798,ARTISTIC,1,8.400,8.3,18.500
5717,70,8798,EXECUTION,2,7.600,7.7,18.500
5718,63,8798,ARTISTIC,3,8.300,8.3,18.500
5719,34,8798,ARTISTIC,2,8.200,8.3,18.500
5639,65,8701,ARTISTIC,1,7.400,7.5,16.350
5640,38,8701,EXECUTION,2,7.500,7.05,16.350
5641,67,8701,ARTISTIC,3,7.600,7.5,16.350
5642,35,8701,EXECUTION,4,7.100,7.05,16.350
5643,64,8701,EXECUTION,1,7.000,7.05,16.350
5644,68,8701,ARTISTIC,4,7.300,7.5,16.350
5645,66,8701,ARTISTIC,2,7.900,7.5,16.350
5648,40,8701,EXECUTION,3,6.800,7.05,16.350
5981,46,8813,ARTISTIC,4,7.400,7.5,16.200
5982,56,8813,EXECUTION,1,6.400,6.45,16.200
5983,54,8813,ARTISTIC,1,7.000,7.5,16.200
5984,37,8813,EXECUTION,4,6.400,6.45,16.200
5985,71,8813,EXECUTION,3,6.500,6.45,16.200
5986,63,8813,ARTISTIC,3,7.600,7.5,16.200
5988,34,8813,ARTISTIC,2,7.900,7.5,16.200
5989,70,8813,EXECUTION,2,6.800,6.45,16.200
6152,38,8826,EXECUTION,2,7.500,7.65,17.700
6153,65,8826,ARTISTIC,1,8.000,7.9,17.700
6154,35,8826,EXECUTION,4,7.700,7.65,17.700
6155,40,8826,EXECUTION,3,7.600,7.65,17.700
6156,68,8826,ARTISTIC,4,8.100,7.9,17.700
6158,64,8826,EXECUTION,1,7.700,7.65,17.700
6159,67,8826,ARTISTIC,3,7.800,7.9,17.700
6160,66,8826,ARTISTIC,2,7.600,7.9,17.700
6135,56,8822,EXECUTION,1,7.900,8.15,16.250
6136,46,8822,ARTISTIC,4,7.800,8.1,16.250
6137,34,8822,ARTISTIC,2,8.200,8.1,16.250
6138,37,8822,EXECUTION,4,8.400,8.15,16.250
6139,71,8822,EXECUTION,3,8.200,8.15,16.250
6140,70,8822,EXECUTION,2,8.100,8.15,16.250
6141,63,8822,ARTISTIC,3,8.400,8.1,16.250
6142,54,8822,ARTISTIC,1,8.000,8.1,16.250
6187,38,8828,EXECUTION,2,7.400,7.5,16.500
6188,67,8828,ARTISTIC,3,7.900,7.8,16.500
6189,65,8828,ARTISTIC,1,7.400,7.8,16.500
6190,68,8828,ARTISTIC,4,7.800,7.8,16.500
6191,66,8828,ARTISTIC,2,7.800,7.8,16.500
6192,40,8828,EXECUTION,3,7.600,7.5,16.500
6193,64,8828,EXECUTION,1,7.200,7.5,16.500
6194,35,8828,EXECUTION,4,7.600,7.5,16.500
6118,71,8821,EXECUTION,3,7.000,7.2,14.650
6119,46,8821,ARTISTIC,4,7.400,7.45,14.650
6120,37,8821,EXECUTION,4,7.400,7.2,14.650
6121,70,8821,EXECUTION,2,7.400,7.2,14.650
6122,63,8821,ARTISTIC,3,7.600,7.45,14.650
6123,54,8821,ARTISTIC,1,7.500,7.45,14.650
6124,56,8821,EXECUTION,1,6.800,7.2,14.650
6125,34,8821,ARTISTIC,2,7.300,7.45,14.650
6169,38,8827,EXECUTION,2,7.800,7.8,18.100
6170,65,8827,ARTISTIC,1,8.300,8.2,18.100
6171,40,8827,EXECUTION,3,7.800,7.8,18.100
6173,35,8827,EXECUTION,4,7.900,7.8,18.100
6174,68,8827,ARTISTIC,4,8.200,8.2,18.100
6175,64,8827,EXECUTION,1,7.300,7.8,18.100
6176,66,8827,ARTISTIC,2,8.000,8.2,18.100
6177,67,8827,ARTISTIC,3,8.200,8.2,18.100
6101,71,8820,EXECUTION,3,7.500,7.55,15.250
6102,37,8820,EXECUTION,4,7.600,7.55,15.250
6103,54,8820,ARTISTIC,1,7.700,7.7,15.250
6104,70,8820,EXECUTION,2,7.900,7.55,15.250
6105,46,8820,ARTISTIC,4,7.700,7.7,15.250
6106,63,8820,ARTISTIC,3,7.800,7.7,15.250
6107,56,8820,EXECUTION,1,7.500,7.55,15.250
6108,34,8820,ARTISTIC,2,7.600,7.7,15.250
5801,70,8803,EXECUTION,2,6.000,5.85,14.600
5802,37,8803,EXECUTION,4,5.900,5.85,14.600
5803,54,8803,ARTISTIC,1,6.800,7.05,14.600
5804,46,8803,ARTISTIC,4,7.400,7.05,14.600
5805,63,8803,ARTISTIC,3,7.000,7.05,14.600
5806,56,8803,EXECUTION,1,5.800,5.85,14.600
5807,71,8803,EXECUTION,3,5.700,5.85,14.600
5809,34,8803,ARTISTIC,2,7.100,7.05,14.600
5783,70,8802,EXECUTION,2,7.100,7.05,16.800
5784,63,8802,ARTISTIC,3,7.800,7.85,16.800
5785,54,8802,ARTISTIC,1,8.100,7.85,16.800
5786,37,8802,EXECUTION,4,6.800,7.05,16.800
5787,56,8802,EXECUTION,1,7.500,7.05,16.800
5788,34,8802,ARTISTIC,2,7.700,7.85,16.800
5789,46,8802,ARTISTIC,4,7.900,7.85,16.800
5798,71,8802,EXECUTION,3,7.000,7.05,16.800
5437,40,8690,EXECUTION,3,8.200,7.9,18.350
5439,65,8690,ARTISTIC,1,8.200,8.3,18.350
5440,67,8690,ARTISTIC,3,8.500,8.3,18.350
5441,68,8690,ARTISTIC,4,8.400,8.3,18.350
5438,38,8690,EXECUTION,2,7.000,7.9,18.350
5442,66,8690,ARTISTIC,2,8.100,8.3,18.350
5443,35,8690,EXECUTION,4,7.900,7.9,18.350
5444,64,8690,EXECUTION,1,7.900,7.9,18.350
5419,37,8783,EXECUTION,4,7.400,7.35,17.900
5420,56,8783,EXECUTION,1,7.600,7.35,17.900
5421,63,8783,ARTISTIC,3,8.000,8.1,17.900
5423,71,8783,EXECUTION,3,7.300,7.35,17.900
5424,34,8783,ARTISTIC,2,8.200,8.1,17.900
5425,70,8783,EXECUTION,2,7.300,7.35,17.900
5429,46,8783,ARTISTIC,4,7.700,8.1,17.900
5422,54,8783,ARTISTIC,1,8.200,8.1,17.900
6248,38,8835,EXECUTION,2,7.000,7.3,17.250
6249,68,8835,ARTISTIC,4,8.200,8.1,17.250
6250,65,8835,ARTISTIC,1,8.100,8.1,17.250
6251,35,8835,EXECUTION,4,7.400,7.3,17.250
6252,40,8835,EXECUTION,3,7.500,7.3,17.250
6254,64,8835,EXECUTION,1,7.200,7.3,17.250
6255,66,8835,ARTISTIC,2,8.100,8.1,17.250
6256,67,8835,ARTISTIC,3,8.000,8.1,17.250
5510,38,8694,EXECUTION,2,7.700,7.6,17.600
5511,35,8694,EXECUTION,4,7.800,7.6,17.600
5513,65,8694,ARTISTIC,1,8.000,7.95,17.600
5514,67,8694,ARTISTIC,3,7.900,7.95,17.600
5515,40,8694,EXECUTION,3,7.400,7.6,17.600
5516,68,8694,ARTISTIC,4,8.200,7.95,17.600
5517,66,8694,ARTISTIC,2,7.800,7.95,17.600
5518,64,8694,EXECUTION,1,7.500,7.6,17.600
6803,71,9081,EXECUTION,3,7.700,7.5,18.000
6804,54,9081,ARTISTIC,1,7.800,7.95,18.000
6805,40,9081,ARTISTIC,4,8.000,7.95,18.000
6806,65,9081,EXECUTION,1,7.500,7.5,18.000
6807,63,9081,ARTISTIC,3,7.900,7.95,18.000
6809,37,9081,EXECUTION,4,7.500,7.5,18.000
6810,34,9081,ARTISTIC,2,8.000,7.95,18.000
6811,70,9081,EXECUTION,2,7.100,7.5,18.000
6431,35,9031,ARTISTIC,4,7.100,7.3,14.100
6432,56,9031,ARTISTIC,1,7.500,7.3,14.100
6433,72,9031,EXECUTION,4,6.800,6.7,14.100
6434,67,9031,ARTISTIC,3,7.500,7.3,14.100
6435,46,9031,EXECUTION,3,6.600,6.7,14.100
6436,38,9031,EXECUTION,2,6.600,6.7,14.100
6438,64,9031,EXECUTION,1,7.100,6.7,14.100
6440,66,9031,ARTISTIC,2,7.100,7.3,14.100
6487,38,9034,EXECUTION,2,7.300,7.15,16.200
6488,35,9034,ARTISTIC,4,7.600,7.6,16.200
6489,46,9034,EXECUTION,3,7.000,7.15,16.200
6490,67,9034,ARTISTIC,3,7.300,7.6,16.200
6491,72,9034,EXECUTION,4,6.600,7.15,16.200
6492,56,9034,ARTISTIC,1,7.600,7.6,16.200
6493,66,9034,ARTISTIC,2,7.600,7.6,16.200
6494,64,9034,EXECUTION,1,7.300,7.15,16.200
6863,37,9085,EXECUTION,4,7.600,7.8,18.600
6864,54,9085,ARTISTIC,1,8.200,8,18.600
6865,65,9085,EXECUTION,1,7.900,7.8,18.600
6866,71,9085,EXECUTION,3,7.800,7.8,18.600
6867,63,9085,ARTISTIC,3,7.900,8,18.600
6868,34,9085,ARTISTIC,2,7.700,8,18.600
6869,70,9085,EXECUTION,2,7.800,7.8,18.600
6872,40,9085,ARTISTIC,4,8.100,8,18.600
7392,42,9142,ARTISTIC,1,8.400,8.4,18.600
7393,65,9142,EXECUTION,4,7.700,7.7,18.600
7394,74,9142,ARTISTIC,3,8.400,8.4,18.600
7395,45,9142,EXECUTION,2,7.800,7.7,18.600
7396,56,9142,EXECUTION,3,7.700,7.7,18.600
7397,64,9142,ARTISTIC,2,8.400,8.4,18.600
7398,75,9142,ARTISTIC,4,8.400,8.4,18.600
7399,57,9142,EXECUTION,1,7.500,7.7,18.600
7151,38,9102,EXECUTION,2,6.900,6.85,15.700
7152,72,9102,EXECUTION,4,6.800,6.85,15.700
7153,35,9102,ARTISTIC,4,7.400,7.4,15.700
7154,56,9102,ARTISTIC,1,7.400,7.4,15.700
7155,46,9102,EXECUTION,3,6.800,6.85,15.700
7156,67,9102,ARTISTIC,3,7.600,7.4,15.700
7157,64,9102,EXECUTION,1,6.900,6.85,15.700
7158,66,9102,ARTISTIC,2,7.400,7.4,15.700
6548,35,9037,ARTISTIC,4,7.000,7.2,14.350
6550,56,9037,ARTISTIC,1,7.100,7.2,14.350
6552,67,9037,ARTISTIC,3,7.400,7.2,14.350
6553,66,9037,ARTISTIC,2,7.300,7.2,14.350
6554,46,9037,EXECUTION,3,6.500,6.7,14.350
6555,64,9037,EXECUTION,1,6.700,6.7,14.350
6556,38,9037,EXECUTION,2,6.700,6.7,14.350
6558,72,9037,EXECUTION,4,6.800,6.7,14.350
6612,38,9041,EXECUTION,2,7.600,7.5,16.700
6613,35,9041,ARTISTIC,4,7.800,7.85,16.700
6614,67,9041,ARTISTIC,3,8.100,7.85,16.700
6615,56,9041,ARTISTIC,1,7.800,7.85,16.700
6616,72,9041,EXECUTION,4,7.500,7.5,16.700
6617,46,9041,EXECUTION,3,7.400,7.5,16.700
6618,64,9041,EXECUTION,1,7.500,7.5,16.700
6619,66,9041,ARTISTIC,2,7.900,7.85,16.700
6967,65,9107,EXECUTION,1,8.200,7.85,18.700
6968,40,9107,ARTISTIC,4,8.300,8.4,18.700
6969,54,9107,ARTISTIC,1,8.400,8.4,18.700
6970,37,9107,EXECUTION,4,7.800,7.85,18.700
6972,70,9107,EXECUTION,2,7.900,7.85,18.700
6973,34,9107,ARTISTIC,2,8.400,8.4,18.700
6974,63,9107,ARTISTIC,3,8.400,8.4,18.700
6975,71,9107,EXECUTION,3,7.500,7.85,18.700
6676,70,9074,EXECUTION,2,8.000,8.2,19.600
6677,65,9074,EXECUTION,1,8.200,8.2,19.600
6678,40,9074,ARTISTIC,4,8.200,8.35,19.600
6679,54,9074,ARTISTIC,1,8.500,8.35,19.600
6680,34,9074,ARTISTIC,2,8.600,8.35,19.600
6681,37,9074,EXECUTION,4,8.300,8.2,19.600
6682,71,9074,EXECUTION,3,8.200,8.2,19.600
6683,63,9074,ARTISTIC,3,8.100,8.35,19.600
6740,56,9048,ARTISTIC,1,7.400,7.5,16.450
6741,38,9048,EXECUTION,2,6.800,6.95,16.450
6742,67,9048,ARTISTIC,3,7.700,7.5,16.450
6743,46,9048,EXECUTION,3,7.300,6.95,16.450
6744,72,9048,EXECUTION,4,7.100,6.95,16.450
6745,35,9048,ARTISTIC,4,7.400,7.5,16.450
6746,64,9048,EXECUTION,1,6.700,6.95,16.450
6747,66,9048,ARTISTIC,2,7.600,7.5,16.450
7032,70,9111,EXECUTION,2,7.200,7.25,17.750
7033,54,9111,ARTISTIC,1,8.000,8.05,17.750
7034,71,9111,EXECUTION,3,7.000,7.25,17.750
7035,40,9111,ARTISTIC,4,8.100,8.05,17.750
7036,63,9111,ARTISTIC,3,8.100,8.05,17.750
7037,34,9111,ARTISTIC,2,7.800,8.05,17.750
7038,37,9111,EXECUTION,4,7.300,7.25,17.750
7039,65,9111,EXECUTION,1,7.300,7.25,17.750
7211,65,9121,EXECUTION,4,8.300,7.95,18.550
7212,75,9121,ARTISTIC,4,8.500,8.45,18.550
7213,56,9121,EXECUTION,3,7.700,7.95,18.550
7214,45,9121,EXECUTION,2,7.600,7.95,18.550
7215,42,9121,ARTISTIC,1,8.500,8.45,18.550
7216,74,9121,ARTISTIC,3,8.400,8.45,18.550
7217,64,9121,ARTISTIC,2,8.300,8.45,18.550
7218,57,9121,EXECUTION,1,8.200,7.95,18.550
7095,35,9097,ARTISTIC,4,7.500,7.65,16.200
7096,56,9097,ARTISTIC,1,7.800,7.65,16.200
7097,46,9097,EXECUTION,3,7.300,7.45,16.200
7098,72,9097,EXECUTION,4,7.500,7.45,16.200
7100,38,9097,EXECUTION,2,7.500,7.45,16.200
7101,67,9097,ARTISTIC,3,7.800,7.65,16.200
7102,66,9097,ARTISTIC,2,7.400,7.65,16.200
7103,64,9097,EXECUTION,1,7.400,7.45,16.200
7273,65,9128,EXECUTION,4,7.700,7.75,15.650
7274,45,9128,EXECUTION,2,7.500,7.75,15.650
7275,42,9128,ARTISTIC,1,8.200,7.9,15.650
7276,74,9128,ARTISTIC,3,7.900,7.9,15.650
7277,64,9128,ARTISTIC,2,7.900,7.9,15.650
7278,75,9128,ARTISTIC,4,7.900,7.9,15.650
7279,56,9128,EXECUTION,3,8.000,7.75,15.650
7280,57,9128,EXECUTION,1,7.800,7.75,15.650
7454,45,9149,EXECUTION,2,7.600,7.5,18.150
7455,65,9149,EXECUTION,4,7.500,7.5,18.150
7456,57,9149,EXECUTION,1,6.800,7.5,18.150
7457,56,9149,EXECUTION,3,7.500,7.5,18.150
7458,74,9149,ARTISTIC,3,8.400,8.25,18.150
7459,75,9149,ARTISTIC,4,8.400,8.25,18.150
7460,64,9149,ARTISTIC,2,8.100,8.25,18.150
7462,42,9149,ARTISTIC,1,7.900,8.25,18.150
7329,74,9135,ARTISTIC,3,8.500,8.45,16.350
7330,65,9135,EXECUTION,4,7.900,7.9,16.350
7331,56,9135,EXECUTION,3,7.900,7.9,16.350
7332,45,9135,EXECUTION,2,7.700,7.9,16.350
7333,75,9135,ARTISTIC,4,8.600,8.45,16.350
7334,64,9135,ARTISTIC,2,8.400,8.45,16.350
7335,57,9135,EXECUTION,1,8.200,7.9,16.350
7336,42,9135,ARTISTIC,1,8.200,8.45,16.350
7517,74,9156,ARTISTIC,3,8.100,8.15,18.111
7518,65,9156,EXECUTION,4,7.400,7.35,18.111
7520,45,9156,EXECUTION,2,7.000,7.35,18.111
7521,56,9156,EXECUTION,3,7.600,7.35,18.111
7522,75,9156,ARTISTIC,4,8.200,8.15,18.111
7523,64,9156,ARTISTIC,2,8.000,8.15,18.111
7524,42,9156,ARTISTIC,1,8.200,8.15,18.111
7525,57,9156,EXECUTION,1,7.300,7.35,18.111
7542,68,9457,ARTISTIC,4,8.200,8.2,16.200
7543,65,9457,ARTISTIC,1,8.000,8.2,16.200
7544,40,9457,EXECUTION,3,8.100,8,16.200
7545,38,9457,EXECUTION,2,8.100,8,16.200
7546,64,9457,EXECUTION,1,7.800,8,16.200
7547,35,9457,EXECUTION,4,7.900,8,16.200
7548,67,9457,ARTISTIC,3,8.200,8.2,16.200
7549,66,9457,ARTISTIC,2,8.400,8.2,16.200
7725,35,9479,EXECUTION,4,7.800,7.8,18.150
7726,68,9479,ARTISTIC,4,8.200,8.25,18.150
7727,67,9479,ARTISTIC,3,8.300,8.25,18.150
7728,64,9479,EXECUTION,1,7.600,7.8,18.150
7729,38,9479,EXECUTION,2,7.800,7.8,18.150
7730,65,9479,ARTISTIC,1,7.900,8.25,18.150
7732,66,9479,ARTISTIC,2,8.300,8.25,18.150
7733,40,9479,EXECUTION,3,7.800,7.8,18.150
7598,68,9465,ARTISTIC,4,7.800,7.75,15.456
7599,38,9465,EXECUTION,2,6.100,6.15,15.456
7600,67,9465,ARTISTIC,3,7.900,7.75,15.456
7601,64,9465,EXECUTION,1,6.200,6.15,15.456
7602,35,9465,EXECUTION,4,6.700,6.15,15.456
7603,66,9465,ARTISTIC,2,7.700,7.75,15.456
7604,40,9465,EXECUTION,3,5.800,6.15,15.456
7605,65,9465,ARTISTIC,1,7.000,7.75,15.456
7665,67,9472,ARTISTIC,3,7.900,8,17.250
7666,35,9472,EXECUTION,4,7.700,7.5,17.250
7667,64,9472,EXECUTION,1,7.400,7.5,17.250
7668,38,9472,EXECUTION,2,6.800,7.5,17.250
7669,66,9472,ARTISTIC,2,8.100,8,17.250
7662,68,9472,ARTISTIC,4,7.900,8,17.250
7663,40,9472,EXECUTION,3,7.600,7.5,17.250
7664,65,9472,ARTISTIC,1,8.100,8,17.250
7806,35,9488,EXECUTION,4,8.000,7.6,18.050
7807,65,9488,ARTISTIC,1,8.500,8.35,18.050
7808,64,9488,EXECUTION,1,7.000,7.6,18.050
7809,40,9488,EXECUTION,3,7.500,7.6,18.050
7810,68,9488,ARTISTIC,4,8.200,8.35,18.050
7811,38,9488,EXECUTION,2,7.700,7.6,18.050
7812,67,9488,ARTISTIC,3,8.300,8.35,18.050
7813,66,9488,ARTISTIC,2,8.400,8.35,18.050
7869,35,9495,EXECUTION,4,7.600,7.6,18.000
7870,67,9495,ARTISTIC,3,8.300,8.25,18.000
7872,68,9495,ARTISTIC,4,8.200,8.25,18.000
7873,38,9495,EXECUTION,2,7.700,7.6,18.000
7874,64,9495,EXECUTION,1,7.300,7.6,18.000
7875,65,9495,ARTISTIC,1,8.200,8.25,18.000
7876,40,9495,EXECUTION,3,7.600,7.6,18.000
7877,66,9495,ARTISTIC,2,8.300,8.25,18.000
7932,38,9502,EXECUTION,4,7.400,7.35,17.200
7933,65,9502,ARTISTIC,3,8.000,8.05,17.200
7934,54,9502,EXECUTION,3,7.500,7.35,17.200
7935,51,9502,EXECUTION,2,7.300,7.35,17.200
7936,64,9502,ARTISTIC,2,8.100,8.05,17.200
7937,42,9502,ARTISTIC,1,8.200,8.05,17.200
7938,45,9502,EXECUTION,1,7.200,7.35,17.200
7939,70,9502,ARTISTIC,4,8.000,8.05,17.200
7995,70,9509,ARTISTIC,4,8.100,8.05,17.950
7996,38,9509,EXECUTION,4,7.700,7.5,17.950
7997,65,9509,ARTISTIC,3,7.900,8.05,17.950
7998,42,9509,ARTISTIC,1,8.000,8.05,17.950
7999,45,9509,EXECUTION,1,7.400,7.5,17.950
8000,54,9509,EXECUTION,3,7.000,7.5,17.950
8001,64,9509,ARTISTIC,2,8.200,8.05,17.950
8002,51,9509,EXECUTION,2,7.600,7.5,17.950
8058,38,9516,EXECUTION,4,7.400,7.3,18.150
8059,70,9516,ARTISTIC,4,8.000,7.95,18.150
8060,54,9516,EXECUTION,3,7.400,7.3,18.150
8061,45,9516,EXECUTION,1,6.800,7.3,18.150
8062,42,9516,ARTISTIC,1,7.900,7.95,18.150
8063,64,9516,ARTISTIC,2,8.100,7.95,18.150
8064,65,9516,ARTISTIC,3,7.900,7.95,18.150
8065,51,9516,EXECUTION,2,7.200,7.3,18.150
6498,71,9064,EXECUTION,3,7.500,7.9,19.000
6495,70,9064,EXECUTION,2,7.900,7.9,19.000
6496,40,9064,ARTISTIC,4,8.400,8.35,19.000
6497,54,9064,ARTISTIC,1,8.200,8.35,19.000
6499,65,9064,EXECUTION,1,7.900,7.9,19.000
6500,37,9064,EXECUTION,4,8.100,7.9,19.000
6501,63,9064,ARTISTIC,3,8.400,8.35,19.000
6502,34,9064,ARTISTIC,2,8.300,8.35,19.000
6401,40,9058,ARTISTIC,4,6.700,7.3,16.650
6396,37,9058,EXECUTION,4,7.000,7.4,16.650
6397,70,9058,EXECUTION,2,7.500,7.4,16.650
6398,54,9058,ARTISTIC,1,7.700,7.3,16.650
6399,63,9058,ARTISTIC,3,7.100,7.3,16.650
6400,34,9058,ARTISTIC,2,7.700,7.3,16.650
6402,71,9058,EXECUTION,3,7.500,7.4,16.650
6403,65,9058,EXECUTION,1,7.300,7.4,16.650
6441,40,9061,ARTISTIC,4,8.000,7.9,18.050
6442,65,9061,EXECUTION,1,7.500,7.5,18.050
6443,71,9061,EXECUTION,3,7.600,7.5,18.050
6444,37,9061,EXECUTION,4,7.400,7.5,18.050
6446,54,9061,ARTISTIC,1,7.800,7.9,18.050
6447,70,9061,EXECUTION,2,7.500,7.5,18.050
6448,63,9061,ARTISTIC,3,7.900,7.9,18.050
6449,34,9061,ARTISTIC,2,7.900,7.9,18.050
7160,56,9103,ARTISTIC,1,8.400,7.85,17.150
7161,38,9103,EXECUTION,2,7.500,7.6,17.150
7162,46,9103,EXECUTION,3,7.200,7.6,17.150
7163,72,9103,EXECUTION,4,7.700,7.6,17.150
7164,67,9103,ARTISTIC,3,7.700,7.85,17.150
7165,64,9103,EXECUTION,1,7.700,7.6,17.150
7166,66,9103,ARTISTIC,2,7.600,7.85,17.150
7167,35,9103,ARTISTIC,4,8.000,7.85,17.150
6557,40,9068,ARTISTIC,4,8.000,8.05,18.650
6559,70,9068,EXECUTION,2,7.800,7.8,18.650
6560,65,9068,EXECUTION,1,7.900,7.8,18.650
6561,71,9068,EXECUTION,3,7.700,7.8,18.650
6562,37,9068,EXECUTION,4,7.800,7.8,18.650
6563,63,9068,ARTISTIC,3,8.100,8.05,18.650
6564,54,9068,ARTISTIC,1,8.000,8.05,18.650
6570,34,9068,ARTISTIC,2,8.100,8.05,18.650
7815,38,9489,EXECUTION,2,7.200,7.25,17.250
7816,67,9489,ARTISTIC,3,8.000,7.9,17.250
7817,64,9489,EXECUTION,1,7.000,7.25,17.250
7818,40,9489,EXECUTION,3,7.300,7.25,17.250
7819,35,9489,EXECUTION,4,7.600,7.25,17.250
7820,65,9489,ARTISTIC,1,7.400,7.9,17.250
7821,66,9489,ARTISTIC,2,7.800,7.9,17.250
7822,68,9489,ARTISTIC,4,8.000,7.9,17.250
6622,40,9071,ARTISTIC,4,7.600,7.55,16.050
6623,70,9071,EXECUTION,2,7.400,7.2,16.050
6624,65,9071,EXECUTION,1,7.500,7.2,16.050
6625,54,9071,ARTISTIC,1,7.600,7.55,16.050
6626,71,9071,EXECUTION,3,6.700,7.2,16.050
6628,37,9071,EXECUTION,4,7.000,7.2,16.050
6629,63,9071,ARTISTIC,3,7.300,7.55,16.050
6630,34,9071,ARTISTIC,2,7.500,7.55,16.050
7219,65,9122,EXECUTION,4,8.200,7.85,18.150
7220,74,9122,ARTISTIC,3,8.100,8.15,18.150
7221,45,9122,EXECUTION,2,7.700,7.85,18.150
7222,42,9122,ARTISTIC,1,8.300,8.15,18.150
7223,75,9122,ARTISTIC,4,8.100,8.15,18.150
7224,56,9122,EXECUTION,3,7.700,7.85,18.150
7226,64,9122,ARTISTIC,2,8.200,8.15,18.150
7227,57,9122,EXECUTION,1,8.000,7.85,18.150
6693,66,9045,ARTISTIC,2,7.600,7.55,16.000
6684,38,9045,EXECUTION,2,7.100,7.05,16.000
6685,35,9045,ARTISTIC,4,7.500,7.55,16.000
6686,72,9045,EXECUTION,4,6.600,7.05,16.000
6687,46,9045,EXECUTION,3,7.000,7.05,16.000
6688,56,9045,ARTISTIC,1,7.500,7.55,16.000
6689,67,9045,ARTISTIC,3,7.600,7.55,16.000
6690,64,9045,EXECUTION,1,7.100,7.05,16.000
6748,40,9078,ARTISTIC,4,7.600,7.8,18.250
6749,65,9078,EXECUTION,1,7.800,7.65,18.250
6750,71,9078,EXECUTION,3,7.600,7.65,18.250
6751,70,9078,EXECUTION,2,7.700,7.65,18.250
6752,54,9078,ARTISTIC,1,7.700,7.8,18.250
6754,34,9078,ARTISTIC,2,8.300,7.8,18.250
6755,37,9078,EXECUTION,4,7.100,7.65,18.250
6756,63,9078,ARTISTIC,3,7.900,7.8,18.250
7878,35,9496,EXECUTION,4,7.700,7.75,18.050
7879,40,9496,EXECUTION,3,7.800,7.75,18.050
7880,64,9496,EXECUTION,1,7.100,7.75,18.050
7881,38,9496,EXECUTION,2,7.800,7.75,18.050
7882,65,9496,ARTISTIC,1,8.000,8.2,18.050
7883,68,9496,ARTISTIC,4,8.200,8.2,18.050
7884,67,9496,ARTISTIC,3,8.200,8.2,18.050
7885,66,9496,ARTISTIC,2,8.400,8.2,18.050
6812,72,9052,EXECUTION,4,7.700,7.55,16.500
6813,46,9052,EXECUTION,3,7.800,7.55,16.500
6815,35,9052,ARTISTIC,4,7.400,7.6,16.500
6816,38,9052,EXECUTION,2,7.400,7.55,16.500
6817,66,9052,ARTISTIC,2,7.700,7.6,16.500
6818,67,9052,ARTISTIC,3,7.900,7.6,16.500
6819,64,9052,EXECUTION,1,7.400,7.55,16.500
6821,56,9052,ARTISTIC,1,7.500,7.6,16.500
6882,38,9055,EXECUTION,2,7.400,7.3,16.450
6875,67,9055,ARTISTIC,3,7.500,7.6,16.450
6876,72,9055,EXECUTION,4,7.200,7.3,16.450
6877,56,9055,ARTISTIC,1,7.500,7.6,16.450
6878,66,9055,ARTISTIC,2,7.700,7.6,16.450
6879,46,9055,EXECUTION,3,7.400,7.3,16.450
6880,35,9055,ARTISTIC,4,7.700,7.6,16.450
6881,64,9055,EXECUTION,1,7.200,7.3,16.450
7281,65,9129,EXECUTION,4,7.600,7.8,15.900
7282,74,9129,ARTISTIC,3,8.200,8.1,15.900
7283,45,9129,EXECUTION,2,7.700,7.8,15.900
7284,56,9129,EXECUTION,3,7.900,7.8,15.900
7285,75,9129,ARTISTIC,4,8.000,8.1,15.900
7286,64,9129,ARTISTIC,2,8.000,8.1,15.900
7287,42,9129,ARTISTIC,1,8.300,8.1,15.900
7288,57,9129,EXECUTION,1,8.000,7.8,15.900
7942,65,9503,ARTISTIC,3,8.300,8.1,17.800
7943,54,9503,EXECUTION,3,7.800,7.6,17.800
7944,45,9503,EXECUTION,1,7.600,7.6,17.800
7945,38,9503,EXECUTION,4,7.500,7.6,17.800
7946,51,9503,EXECUTION,2,7.600,7.6,17.800
7947,42,9503,ARTISTIC,1,7.700,8.1,17.800
7948,70,9503,ARTISTIC,4,8.000,8.1,17.800
7949,64,9503,ARTISTIC,2,8.200,8.1,17.800
8005,70,9510,ARTISTIC,4,8.100,8.2,18.350
8006,65,9510,ARTISTIC,3,8.100,8.2,18.350
8007,42,9510,ARTISTIC,1,8.300,8.2,18.350
8008,38,9510,EXECUTION,4,7.600,7.7,18.350
8009,45,9510,EXECUTION,1,7.700,7.7,18.350
8010,51,9510,EXECUTION,2,7.800,7.7,18.350
8011,54,9510,EXECUTION,3,7.700,7.7,18.350
8012,64,9510,ARTISTIC,2,8.300,8.2,18.350
8067,38,9517,EXECUTION,4,7.700,7.6,18.600
8068,65,9517,ARTISTIC,3,8.300,8.2,18.600
8069,45,9517,EXECUTION,1,7.400,7.6,18.600
8070,51,9517,EXECUTION,2,7.700,7.6,18.600
8071,70,9517,ARTISTIC,4,8.200,8.2,18.600
8072,42,9517,ARTISTIC,1,7.800,8.2,18.600
8073,54,9517,EXECUTION,3,7.500,7.6,18.600
8074,64,9517,ARTISTIC,2,8.200,8.2,18.600
6913,35,9086,ARTISTIC,4,7.000,6.7,13.000
6914,38,9086,EXECUTION,2,5.500,5.6,13.000
6915,72,9086,EXECUTION,4,6.000,5.6,13.000
6916,67,9086,ARTISTIC,3,6.500,6.7,13.000
6918,46,9086,EXECUTION,3,5.400,5.6,13.000
6919,64,9086,EXECUTION,1,5.700,5.6,13.000
6920,56,9086,ARTISTIC,1,6.600,6.7,13.000
6921,66,9086,ARTISTIC,2,6.800,6.7,13.000
6977,35,9090,ARTISTIC,4,7.700,7.75,16.500
6978,56,9090,ARTISTIC,1,7.900,7.75,16.500
6979,72,9090,EXECUTION,4,7.200,7.2,16.500
6980,46,9090,EXECUTION,3,7.200,7.2,16.500
6981,64,9090,EXECUTION,1,7.200,7.2,16.500
6983,66,9090,ARTISTIC,2,7.700,7.75,16.500
6976,38,9090,EXECUTION,2,7.300,7.2,16.500
6984,67,9090,ARTISTIC,3,7.800,7.75,16.500
7040,72,9094,EXECUTION,4,7.500,7.35,15.800
7041,35,9094,ARTISTIC,4,7.500,7.45,15.800
7042,46,9094,EXECUTION,3,7.500,7.35,15.800
7043,38,9094,EXECUTION,2,7.200,7.35,15.800
7044,56,9094,ARTISTIC,1,7.400,7.45,15.800
7045,67,9094,ARTISTIC,3,7.200,7.45,15.800
7047,64,9094,EXECUTION,1,7.200,7.35,15.800
7048,66,9094,ARTISTIC,2,7.700,7.45,15.800
7105,40,9115,ARTISTIC,4,8.500,8.4,19.150
7107,65,9115,EXECUTION,1,8.200,8.25,19.150
7108,37,9115,EXECUTION,4,8.400,8.25,19.150
7109,71,9115,EXECUTION,3,8.300,8.25,19.150
7110,70,9115,EXECUTION,2,8.100,8.25,19.150
7111,54,9115,ARTISTIC,1,8.300,8.4,19.150
7112,63,9115,ARTISTIC,3,8.700,8.4,19.150
7113,34,9115,ARTISTIC,2,8.200,8.4,19.150
7338,74,9136,ARTISTIC,3,8.600,8.65,19.400
7339,56,9136,EXECUTION,3,8.200,8.25,19.400
7340,45,9136,EXECUTION,2,8.000,8.25,19.400
7341,64,9136,ARTISTIC,2,8.500,8.65,19.400
7342,42,9136,ARTISTIC,1,8.700,8.65,19.400
7343,75,9136,ARTISTIC,4,8.700,8.65,19.400
7344,65,9136,EXECUTION,4,8.300,8.25,19.400
7345,57,9136,EXECUTION,1,8.300,8.25,19.400
10352,98,10231,ARTISTIC,2,7.000,6.9,15.200
10353,112,10231,EXECUTION,2,7.200,7.05,15.200
10354,43,10231,ARTISTIC,1,6.900,6.9,15.200
10355,104,10231,EXECUTION,3,6.900,7.05,15.200
10357,76,10231,EXECUTION,1,7.200,7.05,15.200
10358,78,10231,EXECUTION,4,6.600,7.05,15.200
10359,113,10231,ARTISTIC,4,6.900,6.9,15.200
10360,82,10231,ARTISTIC,3,6.600,6.9,15.200
7401,65,9143,EXECUTION,4,7.800,7.65,18.750
7402,56,9143,EXECUTION,3,7.600,7.65,18.750
7403,74,9143,ARTISTIC,3,8.500,8.6,18.750
7404,45,9143,EXECUTION,2,7.700,7.65,18.750
7405,64,9143,ARTISTIC,2,8.600,8.6,18.750
7406,42,9143,ARTISTIC,1,8.600,8.6,18.750
7407,75,9143,ARTISTIC,4,8.600,8.6,18.750
7408,57,9143,EXECUTION,1,7.600,7.65,18.750
7463,65,9150,EXECUTION,4,7.300,7.15,17.150
7464,45,9150,EXECUTION,2,7.200,7.15,17.150
7465,74,9150,ARTISTIC,3,7.800,8,17.150
7466,42,9150,ARTISTIC,1,8.100,8,17.150
7467,75,9150,ARTISTIC,4,7.900,8,17.150
7468,56,9150,EXECUTION,3,7.100,7.15,17.150
7469,64,9150,ARTISTIC,2,8.100,8,17.150
7471,57,9150,EXECUTION,1,7.000,7.15,17.150
7550,67,9458,ARTISTIC,3,8.100,8,15.700
7551,40,9458,EXECUTION,3,7.800,7.7,15.700
7552,64,9458,EXECUTION,1,7.500,7.7,15.700
7553,35,9458,EXECUTION,4,7.900,7.7,15.700
7554,65,9458,ARTISTIC,1,7.400,8,15.700
7555,38,9458,EXECUTION,2,7.600,7.7,15.700
7556,66,9458,ARTISTIC,2,7.900,8,15.700
7557,68,9458,ARTISTIC,4,8.100,8,15.700
7607,64,9466,EXECUTION,1,7.300,7.4,17.550
7608,38,9466,EXECUTION,2,7.200,7.4,17.550
7609,68,9466,ARTISTIC,4,8.100,8,17.550
7610,65,9466,ARTISTIC,1,7.800,8,17.550
7611,40,9466,EXECUTION,3,7.500,7.4,17.550
7612,67,9466,ARTISTIC,3,8.300,8,17.550
7614,66,9466,ARTISTIC,2,7.900,8,17.550
7615,35,9466,EXECUTION,4,7.900,7.4,17.550
7671,40,9473,EXECUTION,3,7.300,7.1,16.400
7672,35,9473,EXECUTION,4,7.300,7.1,16.400
7674,65,9473,ARTISTIC,1,7.700,7.8,16.400
7675,68,9473,ARTISTIC,4,7.900,7.8,16.400
7676,64,9473,EXECUTION,1,6.700,7.1,16.400
7677,67,9473,ARTISTIC,3,7.800,7.8,16.400
7678,66,9473,ARTISTIC,2,7.800,7.8,16.400
7679,38,9473,EXECUTION,2,6.900,7.1,16.400
7735,68,9480,ARTISTIC,4,8.400,8.4,18.550
7736,35,9480,EXECUTION,4,7.900,8,18.550
7737,64,9480,EXECUTION,1,8.000,8,18.550
7738,38,9480,EXECUTION,2,8.000,8,18.550
7739,66,9480,ARTISTIC,2,8.400,8.4,18.550
7740,65,9480,ARTISTIC,1,8.300,8.4,18.550
7741,40,9480,EXECUTION,3,8.000,8,18.550
7742,67,9480,ARTISTIC,3,8.400,8.4,18.550
9915,108,10202,ARTISTIC,2,6.200,6.4,13.200
9917,107,10202,ARTISTIC,1,6.300,6.4,13.200
9918,77,10202,ARTISTIC,3,6.500,6.4,13.200
9919,81,10202,EXECUTION,3,5.800,5.8,13.200
9920,79,10202,EXECUTION,1,5.800,5.8,13.200
9921,110,10202,EXECUTION,2,6.100,5.8,13.200
9922,80,10202,EXECUTION,4,5.800,5.8,13.200
9923,111,10202,ARTISTIC,4,6.500,6.4,13.200
9970,113,10180,ARTISTIC,4,6.700,6.95,16.200
9971,98,10180,ARTISTIC,2,6.900,6.95,16.200
9973,78,10180,EXECUTION,4,6.900,7.3,16.200
9974,43,10180,ARTISTIC,1,7.000,6.95,16.200
9975,76,10180,EXECUTION,1,7.400,7.3,16.200
9976,104,10180,EXECUTION,3,7.400,7.3,16.200
9977,82,10180,ARTISTIC,3,7.500,6.95,16.200
9978,112,10180,EXECUTION,2,7.200,7.3,16.200
10024,79,10209,EXECUTION,1,6.200,6,13.250
10025,108,10209,ARTISTIC,2,6.200,6.25,13.250
10026,107,10209,ARTISTIC,1,6.300,6.25,13.250
10028,81,10209,EXECUTION,3,5.700,6,13.250
10029,110,10209,EXECUTION,2,6.100,6,13.250
10030,111,10209,ARTISTIC,4,6.600,6.25,13.250
10031,77,10209,ARTISTIC,3,5.900,6.25,13.250
10032,80,10209,EXECUTION,4,5.900,6,13.250
10406,98,10234,ARTISTIC,2,5.700,5.7,11.500
10407,112,10234,EXECUTION,2,5.500,5.5,11.500
10408,82,10234,ARTISTIC,3,5.700,5.7,11.500
10410,43,10234,ARTISTIC,1,5.900,5.7,11.500
10411,78,10234,EXECUTION,4,5.500,5.5,11.500
10412,76,10234,EXECUTION,1,5.900,5.5,11.500
10413,113,10234,ARTISTIC,4,5.700,5.7,11.500
10414,104,10234,EXECUTION,3,5.000,5.5,11.500
10078,79,10212,EXECUTION,1,6.500,6.65,14.850
10079,107,10212,ARTISTIC,1,7.300,7.25,14.850
10081,108,10212,ARTISTIC,2,7.200,7.25,14.850
10082,80,10212,EXECUTION,4,6.700,6.65,14.850
10083,77,10212,ARTISTIC,3,7.400,7.25,14.850
10084,81,10212,EXECUTION,3,6.600,6.65,14.850
10085,111,10212,ARTISTIC,4,7.200,7.25,14.850
10086,110,10212,EXECUTION,2,6.800,6.65,14.850
9852,78,10173,EXECUTION,4,6.800,6.75,14.600
9861,113,10173,ARTISTIC,4,6.400,6.5,14.600
9862,43,10173,ARTISTIC,1,6.600,6.5,14.600
9863,82,10173,ARTISTIC,3,6.700,6.5,14.600
9864,104,10173,EXECUTION,3,6.900,6.75,14.600
9865,112,10173,EXECUTION,2,6.300,6.75,14.600
9867,76,10173,EXECUTION,1,6.700,6.75,14.600
9868,98,10173,ARTISTIC,2,6.400,6.5,14.600
10680,98,10274,ARTISTIC,2,6.300,6.25,12.800
10681,78,10274,EXECUTION,4,5.800,5.95,12.800
10682,43,10274,ARTISTIC,1,6.500,6.25,12.800
10683,104,10274,EXECUTION,3,5.800,5.95,12.800
10684,113,10274,ARTISTIC,4,6.200,6.25,12.800
10685,82,10274,ARTISTIC,3,6.200,6.25,12.800
10687,76,10274,EXECUTION,1,6.100,5.95,12.800
10691,112,10274,EXECUTION,2,6.300,5.95,12.800
10460,112,10237,EXECUTION,2,6.800,6.55,14.200
10461,98,10237,ARTISTIC,2,7.200,6.85,14.200
10462,76,10237,EXECUTION,1,6.800,6.55,14.200
10463,43,10237,ARTISTIC,1,6.500,6.85,14.200
10464,113,10237,ARTISTIC,4,7.000,6.85,14.200
10465,78,10237,EXECUTION,4,6.300,6.55,14.200
10466,104,10237,EXECUTION,3,6.000,6.55,14.200
10468,82,10237,ARTISTIC,3,6.700,6.85,14.200
10124,76,10189,EXECUTION,1,6.400,6.3,13.750
10123,82,10189,ARTISTIC,3,6.000,6.1,13.750
10126,43,10189,ARTISTIC,1,6.000,6.1,13.750
10129,98,10189,ARTISTIC,2,6.200,6.1,13.750
10130,112,10189,EXECUTION,2,6.800,6.3,13.750
10137,78,10189,EXECUTION,4,6.200,6.3,13.750
10138,113,10189,ARTISTIC,4,6.200,6.1,13.750
10139,104,10189,EXECUTION,3,5.600,6.3,13.750
10186,107,10218,ARTISTIC,1,6.100,6,12.650
10187,81,10218,EXECUTION,3,5.600,5.85,12.650
10188,80,10218,EXECUTION,4,5.800,5.85,12.650
10189,79,10218,EXECUTION,1,5.900,5.85,12.650
10190,77,10218,ARTISTIC,3,5.800,6,12.650
10192,110,10218,EXECUTION,2,5.900,5.85,12.650
10193,111,10218,ARTISTIC,4,6.300,6,12.650
10194,108,10218,ARTISTIC,2,5.900,6,12.650
10241,112,10196,EXECUTION,2,7.500,7.2,15.800
10242,76,10196,EXECUTION,1,7.400,7.2,15.800
10243,104,10196,EXECUTION,3,7.000,7.2,15.800
10244,113,10196,ARTISTIC,4,7.400,7.05,15.800
10245,78,10196,EXECUTION,4,6.600,7.2,15.800
10246,43,10196,ARTISTIC,1,7.100,7.05,15.800
10247,82,10196,ARTISTIC,3,7.000,7.05,15.800
10248,98,10196,ARTISTIC,2,7.000,7.05,15.800
10515,107,10249,ARTISTIC,1,6.700,6.65,14.750
10516,108,10249,ARTISTIC,2,6.600,6.65,14.750
10517,81,10249,EXECUTION,3,6.200,6.25,14.750
10518,79,10249,EXECUTION,1,6.400,6.25,14.750
10519,110,10249,EXECUTION,2,6.300,6.25,14.750
10521,77,10249,ARTISTIC,3,6.700,6.65,14.750
10523,80,10249,EXECUTION,4,6.000,6.25,14.750
10527,111,10249,ARTISTIC,4,6.600,6.65,14.750
10295,98,10228,ARTISTIC,2,5.800,5.9,12.350
10299,82,10228,ARTISTIC,3,6.100,5.9,12.350
10300,78,10228,EXECUTION,4,5.500,5.75,12.350
10301,112,10228,EXECUTION,2,6.300,5.75,12.350
10302,76,10228,EXECUTION,1,6.000,5.75,12.350
10303,43,10228,ARTISTIC,1,6.000,5.9,12.350
10304,113,10228,ARTISTIC,4,5.800,5.9,12.350
10305,104,10228,EXECUTION,3,4.200,5.75,12.350
10904,80,10426,EXECUTION,4,6.000,5.9,11.900
10905,108,10426,ARTISTIC,2,5.700,6,11.900
10906,107,10426,ARTISTIC,1,6.200,6,11.900
10907,81,10426,EXECUTION,3,4.700,5.9,11.900
10908,79,10426,EXECUTION,1,6.100,5.9,11.900
10909,110,10426,EXECUTION,2,5.800,5.9,11.900
10910,77,10426,ARTISTIC,3,5.800,6,11.900
10911,111,10426,ARTISTIC,4,6.200,6,11.900
10569,107,10252,ARTISTIC,1,6.600,6.4,14.050
10570,110,10252,EXECUTION,2,6.200,6.1,14.050
10571,108,10252,ARTISTIC,2,6.300,6.4,14.050
10572,81,10252,EXECUTION,3,5.800,6.1,14.050
10574,79,10252,EXECUTION,1,6.300,6.1,14.050
10575,77,10252,ARTISTIC,3,6.500,6.4,14.050
10576,80,10252,EXECUTION,4,6.000,6.1,14.050
10577,111,10252,ARTISTIC,4,6.000,6.4,14.050
10724,108,10261,ARTISTIC,2,6.400,7.1,14.950
10725,107,10261,ARTISTIC,1,6.900,7.1,14.950
10726,79,10261,EXECUTION,1,6.400,6.55,14.950
10727,77,10261,ARTISTIC,3,7.700,7.1,14.950
10729,110,10261,EXECUTION,2,6.600,6.55,14.950
10730,81,10261,EXECUTION,3,6.500,6.55,14.950
10731,111,10261,ARTISTIC,4,7.300,7.1,14.950
10732,80,10261,EXECUTION,4,7.000,6.55,14.950
10623,108,10255,ARTISTIC,2,6.500,6.45,14.800
10624,107,10255,ARTISTIC,1,6.900,6.45,14.800
10625,81,10255,EXECUTION,3,5.900,6.5,14.800
10626,77,10255,ARTISTIC,3,6.400,6.45,14.800
10628,79,10255,EXECUTION,1,6.500,6.5,14.800
10629,110,10255,EXECUTION,2,6.600,6.5,14.800
10630,80,10255,EXECUTION,4,6.500,6.5,14.800
10631,111,10255,ARTISTIC,4,6.300,6.45,14.800
10832,43,10277,ARTISTIC,1,9.000,8.85,20.025
10833,82,10277,ARTISTIC,3,8.700,8.85,20.025
10834,104,10277,EXECUTION,3,8.000,8.225,20.025
10835,113,10277,ARTISTIC,4,9.000,8.85,20.025
10836,76,10277,EXECUTION,1,7.900,8.225,20.025
10838,78,10277,EXECUTION,4,8.400,8.225,20.025
10839,98,10277,ARTISTIC,2,8.400,8.85,20.025
10841,112,10277,EXECUTION,2,8.600,8.225,20.025
10762,107,10284,ARTISTIC,1,7.900,7.7,17.600
10764,79,10284,EXECUTION,1,7.800,7.4,17.600
10765,108,10284,ARTISTIC,2,7.500,7.7,17.600
10766,111,10284,ARTISTIC,4,8.200,7.7,17.600
10767,80,10284,EXECUTION,4,7.800,7.4,17.600
10768,81,10284,EXECUTION,3,6.700,7.4,17.600
10769,77,10284,ARTISTIC,3,7.000,7.7,17.600
10770,110,10284,EXECUTION,2,7.300,7.4,17.600
10798,98,10281,ARTISTIC,2,7.700,7.275,14.575
10799,78,10281,EXECUTION,4,6.600,6.55,14.575
10800,112,10281,EXECUTION,2,6.500,6.55,14.575
10801,113,10281,ARTISTIC,4,7.600,7.275,14.575
10803,76,10281,EXECUTION,1,6.700,6.55,14.575
10804,43,10281,ARTISTIC,1,7.000,7.275,14.575
10805,104,10281,EXECUTION,3,6.100,6.55,14.575
10806,82,10281,ARTISTIC,3,6.800,7.275,14.575
10946,112,10424,EXECUTION,2,5.800,6,12.800
10947,98,10424,ARTISTIC,2,6.900,6.8,12.800
10948,43,10424,ARTISTIC,1,7.000,6.8,12.800
10949,76,10424,EXECUTION,1,6.200,6,12.800
10950,113,10424,ARTISTIC,4,6.700,6.8,12.800
10951,78,10424,EXECUTION,4,6.800,6,12.800
10952,82,10424,ARTISTIC,3,6.700,6.8,12.800
10953,104,10424,EXECUTION,3,5.500,6,12.800
10870,107,10292,ARTISTIC,1,6.400,6.45,14.000
10871,108,10292,ARTISTIC,2,6.700,6.45,14.000
10872,79,10292,EXECUTION,1,6.800,6.1,14.000
10873,110,10292,EXECUTION,2,6.200,6.1,14.000
10874,81,10292,EXECUTION,3,5.600,6.1,14.000
10875,80,10292,EXECUTION,4,6.000,6.1,14.000
10876,77,10292,ARTISTIC,3,6.100,6.45,14.000
10877,111,10292,ARTISTIC,4,6.500,6.45,14.000
11016,98,10439,ARTISTIC,2,6.900,6.85,14.450
11017,82,10439,ARTISTIC,3,6.700,6.85,14.450
11018,112,10439,EXECUTION,2,6.800,6.65,14.450
11019,43,10439,ARTISTIC,1,6.800,6.85,14.450
11020,113,10439,ARTISTIC,4,6.900,6.85,14.450
11021,78,10439,EXECUTION,4,6.900,6.65,14.450
11022,104,10439,EXECUTION,3,6.200,6.65,14.450
11023,76,10439,EXECUTION,1,6.500,6.65,14.450
10980,98,10437,ARTISTIC,2,6.700,6.7,14.450
10981,76,10437,EXECUTION,1,6.700,6.75,14.450
10982,43,10437,ARTISTIC,1,6.900,6.7,14.450
10983,82,10437,ARTISTIC,3,6.700,6.7,14.450
10984,112,10437,EXECUTION,2,7.000,6.75,14.450
10985,113,10437,ARTISTIC,4,6.600,6.7,14.450
10987,78,10437,EXECUTION,4,6.800,6.75,14.450
10988,104,10437,EXECUTION,3,5.900,6.75,14.450
11052,112,10441,EXECUTION,2,6.600,6.55,14.150
11054,98,10441,ARTISTIC,2,6.300,6.55,14.150
11055,82,10441,ARTISTIC,3,6.700,6.55,14.150
11056,76,10441,EXECUTION,1,6.500,6.55,14.150
11057,43,10441,ARTISTIC,1,6.500,6.55,14.150
11058,104,10441,EXECUTION,3,5.900,6.55,14.150
11059,113,10441,ARTISTIC,4,6.600,6.55,14.150
11060,78,10441,EXECUTION,4,6.600,6.55,14.150
11088,104,10443,EXECUTION,3,7.300,7.45,7.675
11089,112,10443,EXECUTION,2,7.400,7.45,7.675
11090,98,10443,ARTISTIC,2,4.800,4.875,7.675
11091,76,10443,EXECUTION,1,7.500,7.45,7.675
11094,43,10443,ARTISTIC,1,3.500,4.875,7.675
11095,82,10443,ARTISTIC,3,5.700,4.875,7.675
11096,78,10443,EXECUTION,4,7.600,7.45,7.675
11097,113,10443,ARTISTIC,4,5.500,4.875,7.675
11126,107,10446,ARTISTIC,1,7.600,7.6,17.200
11127,108,10446,ARTISTIC,2,7.500,7.6,17.200
11128,80,10446,EXECUTION,4,7.000,7.15,17.200
11129,110,10446,EXECUTION,2,7.200,7.15,17.200
11130,79,10446,EXECUTION,1,7.400,7.15,17.200
11131,77,10446,ARTISTIC,3,7.700,7.6,17.200
11132,81,10446,EXECUTION,3,7.100,7.15,17.200
11133,111,10446,ARTISTIC,4,7.600,7.6,17.200
11174,76,10456,EXECUTION,1,6.200,6.1,13.350
11175,112,10456,EXECUTION,2,6.200,6.1,13.350
11176,43,10456,ARTISTIC,1,6.300,6.35,13.350
11177,82,10456,ARTISTIC,3,6.400,6.35,13.350
11178,113,10456,ARTISTIC,4,6.300,6.35,13.350
11179,78,10456,EXECUTION,4,6.000,6.1,13.350
11180,104,10456,EXECUTION,3,5.600,6.1,13.350
11181,98,10456,ARTISTIC,2,6.500,6.35,13.350
11203,81,10450,EXECUTION,3,7.700,7.65,18.000
11201,107,10450,ARTISTIC,1,7.700,7.85,18.000
11202,108,10450,ARTISTIC,2,7.500,7.85,18.000
11204,80,10450,EXECUTION,4,7.200,7.65,18.000
11205,77,10450,ARTISTIC,3,8.000,7.85,18.000
11206,111,10450,ARTISTIC,4,8.000,7.85,18.000
11207,79,10450,EXECUTION,1,7.700,7.65,18.000
11208,110,10450,EXECUTION,2,7.600,7.65,18.000
11237,111,10461,ARTISTIC,4,7.200,7.15,15.250
11238,108,10461,ARTISTIC,2,7.200,7.15,15.250
11248,80,10461,EXECUTION,4,6.500,6.6,15.250
11249,81,10461,EXECUTION,3,6.400,6.6,15.250
11250,77,10461,ARTISTIC,3,7.100,7.15,15.250
11251,79,10461,EXECUTION,1,6.900,6.6,15.250
11252,107,10461,ARTISTIC,1,7.100,7.15,15.250
11253,110,10461,EXECUTION,2,6.700,6.6,15.250
11272,112,10470,EXECUTION,2,7.200,7.25,16.800
11273,98,10470,ARTISTIC,2,7.700,7.6,16.800
11274,113,10470,ARTISTIC,4,7.500,7.6,16.800
11275,43,10470,ARTISTIC,1,7.500,7.6,16.800
11276,104,10470,EXECUTION,3,6.800,7.25,16.800
11277,76,10470,EXECUTION,1,7.800,7.25,16.800
11278,78,10470,EXECUTION,4,7.300,7.25,16.800
11279,82,10470,ARTISTIC,3,7.700,7.6,16.800
11308,107,10464,ARTISTIC,1,7.100,7.1,15.450
11310,79,10464,EXECUTION,1,7.000,6.8,15.450
11311,81,10464,EXECUTION,3,6.400,6.8,15.450
11312,77,10464,ARTISTIC,3,7.100,7.1,15.450
11313,111,10464,ARTISTIC,4,7.000,7.1,15.450
11314,108,10464,ARTISTIC,2,7.400,7.1,15.450
11315,110,10464,EXECUTION,2,6.800,6.8,15.450
11316,80,10464,EXECUTION,4,6.800,6.8,15.450
11300,110,10452,EXECUTION,2,7.400,7.4,17.250
11301,79,10452,EXECUTION,1,7.500,7.4,17.250
11302,81,10452,EXECUTION,3,7.400,7.4,17.250
11303,80,10452,EXECUTION,4,7.000,7.4,17.250
11304,107,10452,ARTISTIC,1,7.500,7.7,17.250
11305,108,10452,ARTISTIC,2,7.300,7.7,17.250
11306,111,10452,ARTISTIC,4,8.000,7.7,17.250
11307,77,10452,ARTISTIC,3,8.000,7.7,17.250
11335,104,10473,EXECUTION,3,5.200,5.95,12.800
11336,98,10473,ARTISTIC,2,6.000,6.15,12.800
11337,43,10473,ARTISTIC,1,6.000,6.15,12.800
11338,112,10473,EXECUTION,2,6.000,5.95,12.800
11339,82,10473,ARTISTIC,3,6.300,6.15,12.800
11340,78,10473,EXECUTION,4,5.900,5.95,12.800
11341,76,10473,EXECUTION,1,6.000,5.95,12.800
11342,113,10473,ARTISTIC,4,6.300,6.15,12.800
4912,38,8661,EXECUTION,2,7.900,7.85,17.950
4913,65,8661,ARTISTIC,1,8.200,8.25,17.950
4914,40,8661,EXECUTION,3,7.800,7.85,17.950
4915,35,8661,EXECUTION,4,7.900,7.85,17.950
4916,67,8661,ARTISTIC,3,8.300,8.25,17.950
4917,64,8661,EXECUTION,1,7.600,7.85,17.950
4918,66,8661,ARTISTIC,2,8.000,8.25,17.950
4919,68,8661,ARTISTIC,4,8.600,8.25,17.950
5065,46,8763,ARTISTIC,4,7.300,7.2,15.850
5066,54,8763,ARTISTIC,1,7.800,7.2,15.850
5067,56,8763,EXECUTION,1,6.400,6.5,15.850
5068,37,8763,EXECUTION,4,6.300,6.5,15.850
5070,63,8763,ARTISTIC,3,6.700,7.2,15.850
5071,70,8763,EXECUTION,2,6.600,6.5,15.850
5072,71,8763,EXECUTION,3,7.100,6.5,15.850
5073,34,8763,ARTISTIC,2,7.100,7.2,15.850
5228,56,8772,EXECUTION,1,7.500,7.5,18.150
5229,37,8772,EXECUTION,4,7.500,7.5,18.150
5230,46,8772,ARTISTIC,4,8.100,8.15,18.150
5232,71,8772,EXECUTION,3,7.500,7.5,18.150
5234,34,8772,ARTISTIC,2,7.900,8.15,18.150
5235,63,8772,ARTISTIC,3,8.200,8.15,18.150
5236,70,8772,EXECUTION,2,7.700,7.5,18.150
5233,54,8772,ARTISTIC,1,8.200,8.15,18.150
5055,40,8669,EXECUTION,3,7.500,7.45,17.300
5057,35,8669,EXECUTION,4,7.400,7.45,17.300
5059,65,8669,ARTISTIC,1,7.900,7.95,17.300
5060,67,8669,ARTISTIC,3,8.000,7.95,17.300
5061,68,8669,ARTISTIC,4,8.000,7.95,17.300
5063,64,8669,EXECUTION,1,7.500,7.45,17.300
5064,66,8669,ARTISTIC,2,7.700,7.95,17.300
5058,38,8669,EXECUTION,2,7.400,7.45,17.300
5246,46,8773,ARTISTIC,4,8.300,8.05,17.500
5247,63,8773,ARTISTIC,3,8.000,8.05,17.500
5248,70,8773,EXECUTION,2,7.500,7.45,17.500
5249,37,8773,EXECUTION,4,7.300,7.45,17.500
5252,54,8773,ARTISTIC,1,7.800,8.05,17.500
5253,56,8773,EXECUTION,1,7.800,7.45,17.500
5254,34,8773,ARTISTIC,2,8.100,8.05,17.500
5250,71,8773,EXECUTION,3,7.400,7.45,17.500
5238,38,8679,EXECUTION,2,7.500,7.55,17.750
5239,65,8679,ARTISTIC,1,8.000,8.05,17.750
5240,40,8679,EXECUTION,3,7.500,7.55,17.750
5241,67,8679,ARTISTIC,3,8.100,8.05,17.750
5242,35,8679,EXECUTION,4,7.600,7.55,17.750
5243,64,8679,EXECUTION,1,7.600,7.55,17.750
5244,68,8679,ARTISTIC,4,8.200,8.05,17.750
5245,66,8679,ARTISTIC,2,7.900,8.05,17.750
4921,46,8755,ARTISTIC,4,7.400,7.4,16.100
4922,56,8755,EXECUTION,1,6.700,6.7,16.100
4923,37,8755,EXECUTION,4,6.500,6.7,16.100
4924,63,8755,ARTISTIC,3,7.400,7.4,16.100
4926,70,8755,EXECUTION,2,7.000,6.7,16.100
4927,34,8755,ARTISTIC,2,7.400,7.4,16.100
4928,71,8755,EXECUTION,3,6.700,6.7,16.100
4929,54,8755,ARTISTIC,1,7.200,7.4,16.100
5219,40,8678,EXECUTION,3,7.700,7.5,17.700
5220,38,8678,EXECUTION,2,7.400,7.5,17.700
5221,35,8678,EXECUTION,4,7.500,7.5,17.700
5222,65,8678,ARTISTIC,1,8.200,8.1,17.700
5223,67,8678,ARTISTIC,3,8.000,8.1,17.700
5224,68,8678,ARTISTIC,4,8.200,8.1,17.700
5225,64,8678,EXECUTION,1,7.500,7.5,17.700
5226,66,8678,ARTISTIC,2,8.000,8.1,17.700
4803,67,8655,ARTISTIC,3,7.500,7.75,16.500
4804,38,8655,EXECUTION,2,7.400,7.25,16.500
4805,40,8655,EXECUTION,3,6.500,7.25,16.500
4807,35,8655,EXECUTION,4,7.400,7.25,16.500
4808,65,8655,ARTISTIC,1,7.700,7.75,16.500
4809,64,8655,EXECUTION,1,7.100,7.25,16.500
4810,68,8655,ARTISTIC,4,7.800,7.75,16.500
4819,66,8655,ARTISTIC,2,7.800,7.75,16.500
4786,37,8748,EXECUTION,4,8.200,8,18.950
4788,34,8748,ARTISTIC,2,8.500,8.45,18.950
4790,71,8748,EXECUTION,3,8.100,8,18.950
4791,56,8748,EXECUTION,1,7.800,8,18.950
4792,54,8748,ARTISTIC,1,8.200,8.45,18.950
4798,63,8748,ARTISTIC,3,8.400,8.45,18.950
4799,70,8748,EXECUTION,2,7.900,8,18.950
4800,46,8748,ARTISTIC,4,8.500,8.45,18.950
4902,54,8754,ARTISTIC,1,7.000,7.325,14.675
4904,46,8754,ARTISTIC,4,7.600,7.325,14.675
4905,34,8754,ARTISTIC,2,7.100,7.325,14.675
4906,37,8754,EXECUTION,4,6.100,6.15,14.675
4907,63,8754,ARTISTIC,3,7.600,7.325,14.675
4908,56,8754,EXECUTION,1,6.400,6.15,14.675
4910,70,8754,EXECUTION,2,5.700,6.15,14.675
4911,71,8754,EXECUTION,3,6.200,6.15,14.675
4784,68,8654,ARTISTIC,4,7.400,7.6,16.550
4789,38,8654,EXECUTION,2,6.500,7.25,16.550
4793,66,8654,ARTISTIC,2,7.700,7.6,16.550
4794,35,8654,EXECUTION,4,7.300,7.25,16.550
4795,64,8654,EXECUTION,1,7.500,7.25,16.550
4796,65,8654,ARTISTIC,1,7.700,7.6,16.550
4797,40,8654,EXECUTION,3,7.200,7.25,16.550
4802,67,8654,ARTISTIC,3,7.500,7.6,16.550
4779,46,8747,ARTISTIC,4,7.800,7.8,16.450
4780,54,8747,ARTISTIC,1,7.800,7.8,16.450
4781,71,8747,EXECUTION,3,6.100,6.9,16.450
4782,56,8747,EXECUTION,1,6.800,6.9,16.450
4783,70,8747,EXECUTION,2,7.200,6.9,16.450
4785,34,8747,ARTISTIC,2,7.600,7.8,16.450
4777,37,8747,EXECUTION,4,7.000,6.9,16.450
4778,63,8747,ARTISTIC,3,7.800,7.8,16.450
5210,46,8771,ARTISTIC,4,8.000,7.5,17.000
5211,71,8771,EXECUTION,3,6.500,7.05,17.000
5212,70,8771,EXECUTION,2,7.200,7.05,17.000
5213,63,8771,ARTISTIC,3,7.300,7.5,17.000
5215,37,8771,EXECUTION,4,6.900,7.05,17.000
5216,34,8771,ARTISTIC,2,7.700,7.5,17.000
5217,56,8771,EXECUTION,1,7.300,7.05,17.000
5214,54,8771,ARTISTIC,1,6.800,7.5,17.000
5083,63,8764,ARTISTIC,3,8.200,7.8,17.150
5084,46,8764,ARTISTIC,4,7.700,7.8,17.150
5085,54,8764,ARTISTIC,1,7.900,7.8,17.150
5086,37,8764,EXECUTION,4,7.200,7,17.150
5088,34,8764,ARTISTIC,2,7.400,7.8,17.150
5089,71,8764,EXECUTION,3,6.800,7,17.150
5090,70,8764,EXECUTION,2,6.800,7,17.150
5091,56,8764,EXECUTION,1,7.600,7,17.150
6505,56,9035,ARTISTIC,1,7.400,7.7,16.800
6506,38,9035,EXECUTION,2,7.500,7.3,16.800
6507,35,9035,ARTISTIC,4,7.700,7.7,16.800
6508,72,9035,EXECUTION,4,7.100,7.3,16.800
6509,67,9035,ARTISTIC,3,7.700,7.7,16.800
6510,46,9035,EXECUTION,3,7.400,7.3,16.800
6511,66,9035,ARTISTIC,2,8.100,7.7,16.800
6512,64,9035,EXECUTION,1,7.200,7.3,16.800
6566,46,9038,EXECUTION,3,8.000,7.9,18.200
6567,72,9038,EXECUTION,4,7.900,7.9,18.200
6569,56,9038,ARTISTIC,1,7.700,8.15,18.200
6571,35,9038,ARTISTIC,4,8.200,8.15,18.200
6572,38,9038,EXECUTION,2,7.900,7.9,18.200
6573,64,9038,EXECUTION,1,7.800,7.9,18.200
6574,67,9038,ARTISTIC,3,8.100,8.15,18.200
6575,66,9038,ARTISTIC,2,8.200,8.15,18.200
7176,57,9116,EXECUTION,1,8.200,8.2,16.650
7169,74,9116,ARTISTIC,3,8.400,8.45,16.650
7170,56,9116,EXECUTION,3,8.400,8.2,16.650
7171,45,9116,EXECUTION,2,8.000,8.2,16.650
7172,65,9116,EXECUTION,4,8.200,8.2,16.650
7173,75,9116,ARTISTIC,4,8.500,8.45,16.650
7174,42,9116,ARTISTIC,1,8.700,8.45,16.650
7175,64,9116,ARTISTIC,2,8.300,8.45,16.650
6631,38,9042,EXECUTION,2,6.600,6.65,15.000
6632,72,9042,EXECUTION,4,6.500,6.65,15.000
6633,35,9042,ARTISTIC,4,7.500,7.6,15.000
6634,46,9042,EXECUTION,3,6.700,6.65,15.000
6635,67,9042,ARTISTIC,3,7.700,7.6,15.000
6636,56,9042,ARTISTIC,1,7.200,7.6,15.000
6637,66,9042,ARTISTIC,2,7.700,7.6,15.000
6638,64,9042,EXECUTION,1,6.800,6.65,15.000
6695,40,9075,ARTISTIC,4,8.000,7.9,17.750
6696,70,9075,EXECUTION,2,7.500,7.45,17.750
6697,65,9075,EXECUTION,1,7.700,7.45,17.750
6698,71,9075,EXECUTION,3,7.400,7.45,17.750
6699,37,9075,EXECUTION,4,7.400,7.45,17.750
6700,54,9075,ARTISTIC,1,8.000,7.9,17.750
6701,63,9075,ARTISTIC,3,7.700,7.9,17.750
6702,34,9075,ARTISTIC,2,7.800,7.9,17.750
6758,38,9049,EXECUTION,2,6.700,6.75,14.700
6759,35,9049,ARTISTIC,4,7.500,7.35,14.700
6760,46,9049,EXECUTION,3,6.400,6.75,14.700
6761,67,9049,ARTISTIC,3,7.400,7.35,14.700
6762,72,9049,EXECUTION,4,6.900,6.75,14.700
6763,56,9049,ARTISTIC,1,7.300,7.35,14.700
6764,64,9049,EXECUTION,1,6.800,6.75,14.700
6765,66,9049,ARTISTIC,2,7.300,7.35,14.700
6820,37,9082,EXECUTION,4,6.900,7.5,10.050
6822,40,9082,ARTISTIC,4,7.800,0,10.050
6823,71,9082,EXECUTION,3,7.500,7.5,10.050
6824,70,9082,EXECUTION,2,7.600,7.5,10.050
6825,54,9082,ARTISTIC,1,7.800,0,10.050
6826,63,9082,ARTISTIC,3,7.900,0,10.050
6828,65,9082,EXECUTION,1,7.500,7.5,10.050
7824,35,9490,EXECUTION,4,7.300,7.45,17.400
7825,65,9490,ARTISTIC,1,7.900,8,17.400
7826,38,9490,EXECUTION,2,7.600,7.45,17.400
7827,68,9490,ARTISTIC,4,8.000,8,17.400
7828,40,9490,EXECUTION,3,7.600,7.45,17.400
7829,64,9490,EXECUTION,1,6.900,7.45,17.400
7830,67,9490,ARTISTIC,3,8.200,8,17.400
7831,66,9490,ARTISTIC,2,8.000,8,17.400
6884,46,9056,EXECUTION,3,7.800,7.5,16.750
6885,38,9056,EXECUTION,2,7.600,7.5,16.750
6891,35,9056,ARTISTIC,4,7.500,7.75,16.750
6886,67,9056,ARTISTIC,3,7.800,7.75,16.750
6887,64,9056,EXECUTION,1,7.400,7.5,16.750
6888,56,9056,ARTISTIC,1,7.700,7.75,16.750
6889,66,9056,ARTISTIC,2,7.800,7.75,16.750
6890,72,9056,EXECUTION,4,7.300,7.5,16.750
7229,65,9123,EXECUTION,4,8.200,7.7,18.150
7230,75,9123,ARTISTIC,4,8.300,8.3,18.150
7231,74,9123,ARTISTIC,3,8.200,8.3,18.150
7232,56,9123,EXECUTION,3,7.500,7.7,18.150
7233,42,9123,ARTISTIC,1,8.400,8.3,18.150
7234,45,9123,EXECUTION,2,7.800,7.7,18.150
7235,64,9123,ARTISTIC,2,8.300,8.3,18.150
7236,57,9123,EXECUTION,1,7.600,7.7,18.150
6922,40,9104,ARTISTIC,4,7.900,7.75,17.100
6924,54,9104,ARTISTIC,1,7.800,7.75,17.100
6925,71,9104,EXECUTION,3,7.400,7.3,17.100
6926,37,9104,EXECUTION,4,7.200,7.3,17.100
6927,63,9104,ARTISTIC,3,7.700,7.75,17.100
6928,70,9104,EXECUTION,2,7.300,7.3,17.100
6929,34,9104,ARTISTIC,2,7.600,7.75,17.100
6930,65,9104,EXECUTION,1,7.300,7.3,17.100
6985,71,9108,EXECUTION,3,6.800,7.05,16.550
6986,34,9108,ARTISTIC,2,7.900,7.75,16.550
6987,54,9108,ARTISTIC,1,7.600,7.75,16.550
6989,37,9108,EXECUTION,4,6.800,7.05,16.550
6990,63,9108,ARTISTIC,3,7.700,7.75,16.550
6991,70,9108,EXECUTION,2,7.300,7.05,16.550
6992,65,9108,EXECUTION,1,7.300,7.05,16.550
6994,40,9108,ARTISTIC,4,7.800,7.75,16.550
7050,40,9112,ARTISTIC,4,7.700,8.15,18.050
7051,70,9112,EXECUTION,2,7.600,7.5,18.050
7052,65,9112,EXECUTION,1,8.000,7.5,18.050
7053,63,9112,ARTISTIC,3,8.500,8.15,18.050
7054,54,9112,ARTISTIC,1,8.000,8.15,18.050
7055,71,9112,EXECUTION,3,7.400,7.5,18.050
7056,37,9112,EXECUTION,4,7.400,7.5,18.050
7058,34,9112,ARTISTIC,2,8.400,8.15,18.050
7887,65,9497,ARTISTIC,3,7.600,7.7,16.500
7888,45,9497,EXECUTION,1,6.200,6.95,16.500
7889,38,9497,EXECUTION,4,7.000,6.95,16.500
7890,64,9497,ARTISTIC,2,7.800,7.7,16.500
7891,70,9497,ARTISTIC,4,7.900,7.7,16.500
7892,51,9497,EXECUTION,2,6.900,6.95,16.500
7893,42,9497,ARTISTIC,1,7.300,7.7,16.500
7894,54,9497,EXECUTION,3,7.100,6.95,16.500
7114,35,9098,ARTISTIC,4,8.000,8,16.200
7115,72,9098,EXECUTION,4,7.600,7.6,16.200
7116,67,9098,ARTISTIC,3,8.000,8,16.200
7117,56,9098,ARTISTIC,1,8.300,8,16.200
7118,46,9098,EXECUTION,3,7.500,7.6,16.200
7119,64,9098,EXECUTION,1,7.700,7.6,16.200
7120,38,9098,EXECUTION,2,7.600,7.6,16.200
7121,66,9098,ARTISTIC,2,7.900,8,16.200
7950,70,9504,ARTISTIC,4,8.400,8.4,18.400
7951,65,9504,ARTISTIC,3,8.400,8.4,18.400
7952,45,9504,EXECUTION,1,7.700,7.85,18.400
7953,38,9504,EXECUTION,4,8.000,7.85,18.400
7954,54,9504,EXECUTION,3,8.000,7.85,18.400
7955,42,9504,ARTISTIC,1,8.400,8.4,18.400
7956,51,9504,EXECUTION,2,7.700,7.85,18.400
7957,64,9504,ARTISTIC,2,8.400,8.4,18.400
7289,74,9130,ARTISTIC,3,8.100,8.1,16.000
7290,65,9130,EXECUTION,4,7.800,7.9,16.000
7291,42,9130,ARTISTIC,1,8.100,8.1,16.000
7292,45,9130,EXECUTION,2,7.900,7.9,16.000
7293,64,9130,ARTISTIC,2,8.200,8.1,16.000
7294,75,9130,ARTISTIC,4,8.000,8.1,16.000
7295,57,9130,EXECUTION,1,8.200,7.9,16.000
7296,56,9130,EXECUTION,3,7.900,7.9,16.000
8013,38,9511,EXECUTION,4,8.000,7.95,18.850
8014,65,9511,ARTISTIC,3,8.400,8.4,18.850
8015,42,9511,ARTISTIC,1,8.200,8.4,18.850
8016,45,9511,EXECUTION,1,7.900,7.95,18.850
8017,51,9511,EXECUTION,2,8.000,7.95,18.850
8018,70,9511,ARTISTIC,4,8.400,8.4,18.850
8019,54,9511,EXECUTION,3,7.800,7.95,18.850
8020,64,9511,ARTISTIC,2,8.400,8.4,18.850
7347,56,9137,EXECUTION,3,7.700,7.5,18.200
7348,45,9137,EXECUTION,2,7.100,7.5,18.200
7349,42,9137,ARTISTIC,1,8.000,8.2,18.200
7350,64,9137,ARTISTIC,2,8.100,8.2,18.200
7351,75,9137,ARTISTIC,4,8.500,8.2,18.200
7352,74,9137,ARTISTIC,3,8.300,8.2,18.200
7353,65,9137,EXECUTION,4,8.000,7.5,18.200
7354,57,9137,EXECUTION,1,7.200,7.5,18.200
8076,38,9518,EXECUTION,4,7.500,7.75,18.750
8077,65,9518,ARTISTIC,3,8.200,8.25,18.750
8078,51,9518,EXECUTION,2,7.800,7.75,18.750
8079,42,9518,ARTISTIC,1,8.400,8.25,18.750
8080,64,9518,ARTISTIC,2,8.300,8.25,18.750
8081,45,9518,EXECUTION,1,7.700,7.75,18.750
8082,70,9518,ARTISTIC,4,8.200,8.25,18.750
8083,54,9518,EXECUTION,3,7.800,7.75,18.750
7409,65,9144,EXECUTION,4,7.400,7.2,16.900
7410,56,9144,EXECUTION,3,6.900,7.2,16.900
7411,74,9144,ARTISTIC,3,7.800,7.85,16.900
7412,45,9144,EXECUTION,2,7.200,7.2,16.900
7414,57,9144,EXECUTION,1,7.200,7.2,16.900
7415,75,9144,ARTISTIC,4,7.900,7.85,16.900
7416,42,9144,ARTISTIC,1,8.100,7.85,16.900
7417,64,9144,ARTISTIC,2,7.600,7.85,16.900
7475,65,9151,EXECUTION,4,7.600,7.75,18.850
7476,56,9151,EXECUTION,3,7.800,7.75,18.850
7473,45,9151,EXECUTION,2,7.900,7.75,18.850
7474,42,9151,ARTISTIC,1,8.600,8.6,18.850
7477,74,9151,ARTISTIC,3,8.600,8.6,18.850
7478,75,9151,ARTISTIC,4,8.600,8.6,18.850
7479,64,9151,ARTISTIC,2,8.500,8.6,18.850
7480,57,9151,EXECUTION,1,7.700,7.75,18.850
7558,67,9459,ARTISTIC,3,8.000,8.15,16.000
7559,40,9459,EXECUTION,3,8.000,7.85,16.000
7560,35,9459,EXECUTION,4,7.700,7.85,16.000
7561,65,9459,ARTISTIC,1,8.300,8.15,16.000
7562,64,9459,EXECUTION,1,7.900,7.85,16.000
7563,66,9459,ARTISTIC,2,8.200,8.15,16.000
7564,68,9459,ARTISTIC,4,8.100,8.15,16.000
7565,38,9459,EXECUTION,2,7.800,7.85,16.000
7617,67,9467,ARTISTIC,3,7.400,7.6,15.050
7618,65,9467,ARTISTIC,1,7.600,7.6,15.050
7619,35,9467,EXECUTION,4,6.300,6.3,15.050
7620,38,9467,EXECUTION,2,6.200,6.3,15.050
7621,40,9467,EXECUTION,3,6.300,6.3,15.050
7622,68,9467,ARTISTIC,4,7.700,7.6,15.050
7623,66,9467,ARTISTIC,2,7.600,7.6,15.050
7624,64,9467,EXECUTION,1,6.400,6.3,15.050
7680,35,9474,EXECUTION,4,7.100,7.4,17.400
7681,66,9474,ARTISTIC,2,7.900,7.85,17.400
7682,68,9474,ARTISTIC,4,7.700,7.85,17.400
7683,40,9474,EXECUTION,3,7.500,7.4,17.400
7684,38,9474,EXECUTION,2,7.600,7.4,17.400
7685,65,9474,ARTISTIC,1,7.800,7.85,17.400
7686,64,9474,EXECUTION,1,7.300,7.4,17.400
7687,67,9474,ARTISTIC,3,7.900,7.85,17.400
7743,68,9481,ARTISTIC,4,8.300,8.3,17.850
7744,38,9481,EXECUTION,2,7.500,7.45,17.850
7745,64,9481,EXECUTION,1,7.100,7.45,17.850
7746,35,9481,EXECUTION,4,7.400,7.45,17.850
7747,40,9481,EXECUTION,3,7.700,7.45,17.850
7748,66,9481,ARTISTIC,2,7.900,8.3,17.850
7749,67,9481,ARTISTIC,3,8.300,8.3,17.850
7750,65,9481,ARTISTIC,1,8.300,8.3,17.850
6405,56,9029,ARTISTIC,1,7.600,7.7,16.550
6404,38,9029,EXECUTION,2,7.100,7.35,16.550
6406,35,9029,ARTISTIC,4,7.700,7.7,16.550
6407,72,9029,EXECUTION,4,7.400,7.35,16.550
6408,67,9029,ARTISTIC,3,7.800,7.7,16.550
6409,46,9029,EXECUTION,3,7.400,7.35,16.550
6410,64,9029,EXECUTION,1,7.300,7.35,16.550
6411,66,9029,ARTISTIC,2,7.700,7.7,16.550
6450,35,9032,ARTISTIC,4,8.000,8,17.600
6451,38,9032,EXECUTION,2,7.700,7.8,17.600
6452,72,9032,EXECUTION,4,7.800,7.8,17.600
6454,46,9032,EXECUTION,3,7.900,7.8,17.600
6455,56,9032,ARTISTIC,1,7.800,8,17.600
6456,64,9032,EXECUTION,1,7.800,7.8,17.600
6457,67,9032,ARTISTIC,3,8.000,8,17.600
6458,66,9032,ARTISTIC,2,8.200,8,17.600
9928,104,10177,EXECUTION,3,5.900,6,13.200
9924,98,10177,ARTISTIC,2,6.900,6.5,13.200
9925,43,10177,ARTISTIC,1,6.500,6.5,13.200
9926,113,10177,ARTISTIC,4,6.500,6.5,13.200
9929,112,10177,EXECUTION,2,6.000,6,13.200
9930,76,10177,EXECUTION,1,6.500,6,13.200
9931,78,10177,EXECUTION,4,6.000,6,13.200
9932,82,10177,ARTISTIC,3,6.300,6.5,13.200
10140,107,10216,ARTISTIC,1,7.200,7.3,15.500
10142,79,10216,EXECUTION,1,7.200,7.15,15.500
10143,108,10216,ARTISTIC,2,7.400,7.3,15.500
10144,77,10216,ARTISTIC,3,7.900,7.3,15.500
10145,81,10216,EXECUTION,3,7.600,7.15,15.500
10146,111,10216,ARTISTIC,4,7.200,7.3,15.500
10147,80,10216,EXECUTION,4,7.100,7.15,15.500
10149,110,10216,EXECUTION,2,7.100,7.15,15.500
9815,104,10171,EXECUTION,3,6.800,6.6,14.400
9816,82,10171,ARTISTIC,3,6.700,6.4,14.400
9821,112,10171,EXECUTION,2,6.700,6.6,14.400
9826,43,10171,ARTISTIC,1,6.300,6.4,14.400
9828,78,10171,EXECUTION,4,6.300,6.6,14.400
9829,76,10171,EXECUTION,1,6.500,6.6,14.400
9830,113,10171,ARTISTIC,4,6.200,6.4,14.400
9832,98,10171,ARTISTIC,2,6.500,6.4,14.400
9979,80,10206,EXECUTION,4,6.200,6.2,13.800
9980,108,10206,ARTISTIC,2,6.900,6.6,13.800
9981,79,10206,EXECUTION,1,6.300,6.2,13.800
9983,110,10206,EXECUTION,2,6.200,6.2,13.800
9984,81,10206,EXECUTION,3,5.700,6.2,13.800
9985,77,10206,ARTISTIC,3,6.400,6.6,13.800
9986,111,10206,ARTISTIC,4,6.600,6.6,13.800
9995,107,10206,ARTISTIC,1,6.600,6.6,13.800
9869,104,10174,EXECUTION,3,7.300,6.85,14.500
9871,98,10174,ARTISTIC,2,6.500,6.45,14.500
9872,43,10174,ARTISTIC,1,6.400,6.45,14.500
9873,113,10174,ARTISTIC,4,6.300,6.45,14.500
9874,82,10174,ARTISTIC,3,6.700,6.45,14.500
9875,76,10174,EXECUTION,1,6.900,6.85,14.500
9876,78,10174,EXECUTION,4,6.700,6.85,14.500
9886,112,10174,EXECUTION,2,6.800,6.85,14.500
10087,43,10187,ARTISTIC,1,6.400,6.3,13.800
10088,98,10187,ARTISTIC,2,6.100,6.3,13.800
10089,113,10187,ARTISTIC,4,6.200,6.3,13.800
10090,76,10187,EXECUTION,1,6.300,6.3,13.800
10091,104,10187,EXECUTION,3,5.700,6.3,13.800
10092,82,10187,ARTISTIC,3,6.400,6.3,13.800
10093,78,10187,EXECUTION,4,6.300,6.3,13.800
10103,112,10187,EXECUTION,2,7.000,6.3,13.800
10033,98,10184,ARTISTIC,2,7.800,7.35,16.550
10034,76,10184,EXECUTION,1,7.400,7.4,16.550
10035,104,10184,EXECUTION,3,7.400,7.4,16.550
10036,43,10184,ARTISTIC,1,7.000,7.35,16.550
10037,78,10184,EXECUTION,4,7.400,7.4,16.550
10038,113,10184,ARTISTIC,4,7.400,7.35,16.550
10039,112,10184,EXECUTION,2,6.800,7.4,16.550
10040,82,10184,ARTISTIC,3,7.300,7.35,16.550
10195,76,10193,EXECUTION,1,6.800,6.8,14.350
10196,98,10193,ARTISTIC,2,6.300,6.4,14.350
10198,43,10193,ARTISTIC,1,6.400,6.4,14.350
10199,113,10193,ARTISTIC,4,6.400,6.4,14.350
10200,112,10193,EXECUTION,2,6.800,6.8,14.350
10201,104,10193,EXECUTION,3,6.800,6.8,14.350
10202,78,10193,EXECUTION,4,6.400,6.8,14.350
10203,82,10193,ARTISTIC,3,6.600,6.4,14.350
10251,107,10222,ARTISTIC,1,7.400,7.5,15.850
10252,81,10222,EXECUTION,3,7.400,7.35,15.850
10254,108,10222,ARTISTIC,2,7.600,7.5,15.850
10255,80,10222,EXECUTION,4,7.200,7.35,15.850
10256,79,10222,EXECUTION,1,7.400,7.35,15.850
10257,110,10222,EXECUTION,2,7.300,7.35,15.850
10258,111,10222,ARTISTIC,4,7.400,7.5,15.850
10259,77,10222,ARTISTIC,3,7.800,7.5,15.850
10306,107,10225,ARTISTIC,1,6.300,5.8,12.450
10307,108,10225,ARTISTIC,2,5.300,5.8,12.450
10308,81,10225,EXECUTION,3,5.600,5.85,12.450
10309,77,10225,ARTISTIC,3,5.800,5.8,12.450
10311,111,10225,ARTISTIC,4,5.800,5.8,12.450
10312,110,10225,EXECUTION,2,6.200,5.85,12.450
10313,80,10225,EXECUTION,4,6.000,5.85,12.450
10314,79,10225,EXECUTION,1,5.700,5.85,12.450
10361,77,10240,ARTISTIC,3,6.700,6.5,14.450
10362,81,10240,EXECUTION,3,6.300,6.3,14.450
10363,108,10240,ARTISTIC,2,6.500,6.5,14.450
10364,79,10240,EXECUTION,1,6.400,6.3,14.450
10365,80,10240,EXECUTION,4,6.000,6.3,14.450
10367,110,10240,EXECUTION,2,6.300,6.3,14.450
10368,111,10240,ARTISTIC,4,6.400,6.5,14.450
10373,107,10240,ARTISTIC,1,6.500,6.5,14.450
10421,80,10243,EXECUTION,4,6.800,6.65,14.800
10422,110,10243,EXECUTION,2,6.500,6.65,14.800
10415,81,10243,EXECUTION,3,5.800,6.65,14.800
10416,108,10243,ARTISTIC,2,7.100,7,14.800
10418,107,10243,ARTISTIC,1,6.900,7,14.800
10419,77,10243,ARTISTIC,3,6.500,7,14.800
10420,79,10243,EXECUTION,1,6.900,6.65,14.800
10423,111,10243,ARTISTIC,4,7.200,7,14.800
10469,108,10246,ARTISTIC,2,7.500,7.5,16.500
10470,81,10246,EXECUTION,3,7.000,6.8,16.500
10471,110,10246,EXECUTION,2,6.600,6.8,16.500
10472,77,10246,ARTISTIC,3,7.500,7.5,16.500
10473,79,10246,EXECUTION,1,7.500,6.8,16.500
10474,80,10246,EXECUTION,4,6.500,6.8,16.500
10476,111,10246,ARTISTIC,4,7.400,7.5,16.500
10477,107,10246,ARTISTIC,1,7.500,7.5,16.500
10524,98,10265,ARTISTIC,2,7.000,7.25,15.450
10525,112,10265,EXECUTION,2,7.200,7.15,15.450
10526,76,10265,EXECUTION,1,7.500,7.15,15.450
10529,104,10265,EXECUTION,3,7.000,7.15,15.450
10530,82,10265,ARTISTIC,3,7.500,7.25,15.450
10531,43,10265,ARTISTIC,1,7.500,7.25,15.450
10532,78,10265,EXECUTION,4,7.100,7.15,15.450
10522,113,10265,ARTISTIC,4,7.000,7.25,15.450
10578,112,10268,EXECUTION,2,7.100,6.95,15.150
10579,43,10268,ARTISTIC,1,7.300,7.15,15.150
10580,104,10268,EXECUTION,3,6.900,6.95,15.150
10581,113,10268,ARTISTIC,4,7.100,7.15,15.150
10582,98,10268,ARTISTIC,2,6.900,7.15,15.150
10583,76,10268,EXECUTION,1,7.000,6.95,15.150
10584,78,10268,EXECUTION,4,6.800,6.95,15.150
10594,82,10268,ARTISTIC,3,7.200,7.15,15.150
10632,112,10271,EXECUTION,2,5.900,5.8,12.400
10633,98,10271,ARTISTIC,2,5.800,6,12.400
10634,78,10271,EXECUTION,4,5.700,5.8,12.400
10635,43,10271,ARTISTIC,1,6.700,6,12.400
10636,76,10271,EXECUTION,1,6.000,5.8,12.400
10637,82,10271,ARTISTIC,3,6.200,6,12.400
10638,113,10271,ARTISTIC,4,5.400,6,12.400
10639,104,10271,EXECUTION,3,5.500,5.8,12.400
10686,107,10259,ARTISTIC,1,6.500,6.35,14.100
10688,108,10259,ARTISTIC,2,6.900,6.35,14.100
10689,80,10259,EXECUTION,4,6.000,6.1,14.100
10690,81,10259,EXECUTION,3,5.700,6.1,14.100
10692,77,10259,ARTISTIC,3,6.000,6.35,14.100
10693,110,10259,EXECUTION,2,6.400,6.1,14.100
10694,111,10259,ARTISTIC,4,6.200,6.35,14.100
10696,79,10259,EXECUTION,1,6.200,6.1,14.100
10733,112,10283,EXECUTION,2,7.800,7.75,18.300
10734,76,10283,EXECUTION,1,7.900,7.75,18.300
10735,98,10283,ARTISTIC,2,7.900,7.9,18.300
10736,113,10283,ARTISTIC,4,7.900,7.9,18.300
10737,43,10283,ARTISTIC,1,8.300,7.9,18.300
10738,104,10283,EXECUTION,3,7.200,7.75,18.300
10739,82,10283,ARTISTIC,3,7.500,7.9,18.300
10741,78,10283,EXECUTION,4,7.700,7.75,18.300
6513,40,9065,ARTISTIC,4,7.000,7.7,16.900
6514,65,9065,EXECUTION,1,7.400,7.35,16.900
6515,54,9065,ARTISTIC,1,7.600,7.7,16.900
6516,70,9065,EXECUTION,2,7.600,7.35,16.900
6517,34,9065,ARTISTIC,2,7.900,7.7,16.900
6518,37,9065,EXECUTION,4,7.300,7.35,16.900
6520,63,9065,ARTISTIC,3,7.800,7.7,16.900
6521,71,9065,EXECUTION,3,6.900,7.35,16.900
6576,38,9039,EXECUTION,2,6.700,7.3,16.750
6577,72,9039,EXECUTION,4,7.700,7.3,16.750
6578,67,9039,ARTISTIC,3,8.300,7.65,16.750
6579,46,9039,EXECUTION,3,7.400,7.3,16.750
6580,35,9039,ARTISTIC,4,7.600,7.65,16.750
6581,64,9039,EXECUTION,1,7.200,7.3,16.750
6582,56,9039,ARTISTIC,1,7.300,7.65,16.750
6583,66,9039,ARTISTIC,2,7.700,7.65,16.750
7833,35,9491,EXECUTION,4,7.800,7.5,17.800
7834,68,9491,ARTISTIC,4,8.200,8.2,17.800
7835,67,9491,ARTISTIC,3,8.400,8.2,17.800
7836,64,9491,EXECUTION,1,7.400,7.5,17.800
7837,65,9491,ARTISTIC,1,8.200,8.2,17.800
7838,38,9491,EXECUTION,2,7.500,7.5,17.800
7839,40,9491,EXECUTION,3,7.500,7.5,17.800
7840,66,9491,ARTISTIC,2,8.200,8.2,17.800
7125,35,9099,ARTISTIC,4,8.000,8.05,16.700
7126,38,9099,EXECUTION,2,7.000,7.2,16.700
7127,72,9099,EXECUTION,4,7.800,7.2,16.700
7128,46,9099,EXECUTION,3,7.300,7.2,16.700
7129,56,9099,ARTISTIC,1,7.700,8.05,16.700
7130,67,9099,ARTISTIC,3,8.100,8.05,16.700
7131,66,9099,ARTISTIC,2,8.200,8.05,16.700
7132,64,9099,EXECUTION,1,7.100,7.2,16.700
6640,34,9072,ARTISTIC,2,8.000,8.1,18.500
6641,40,9072,ARTISTIC,4,8.200,8.1,18.500
6642,54,9072,ARTISTIC,1,8.200,8.1,18.500
6643,37,9072,EXECUTION,4,7.600,7.6,18.500
6644,71,9072,EXECUTION,3,7.600,7.6,18.500
6645,65,9072,EXECUTION,1,7.700,7.6,18.500
6647,63,9072,ARTISTIC,3,8.000,8.1,18.500
6648,70,9072,EXECUTION,2,7.400,7.6,18.500
7184,57,9117,EXECUTION,1,7.400,7.6,15.500
7177,65,9117,EXECUTION,4,7.800,7.6,15.500
7178,45,9117,EXECUTION,2,7.000,7.6,15.500
7179,56,9117,EXECUTION,3,7.800,7.6,15.500
7180,64,9117,ARTISTIC,2,7.800,7.9,15.500
7181,74,9117,ARTISTIC,3,8.000,7.9,15.500
7182,75,9117,ARTISTIC,4,8.200,7.9,15.500
7183,42,9117,ARTISTIC,1,7.500,7.9,15.500
6704,35,9046,ARTISTIC,4,8.000,8,17.750
6705,72,9046,EXECUTION,4,8.000,7.65,17.750
6706,38,9046,EXECUTION,2,7.600,7.65,17.750
6707,67,9046,ARTISTIC,3,8.000,8,17.750
6708,46,9046,EXECUTION,3,7.600,7.65,17.750
6709,64,9046,EXECUTION,1,7.700,7.65,17.750
6710,66,9046,ARTISTIC,2,7.700,8,17.750
6721,56,9046,ARTISTIC,1,8.000,8,17.750
6767,40,9079,ARTISTIC,4,8.100,7.95,18.050
6768,71,9079,EXECUTION,3,7.400,7.55,18.050
6769,54,9079,ARTISTIC,1,8.000,7.95,18.050
6770,70,9079,EXECUTION,2,7.500,7.55,18.050
6771,65,9079,EXECUTION,1,7.600,7.55,18.050
6772,37,9079,EXECUTION,4,7.700,7.55,18.050
6774,63,9079,ARTISTIC,3,7.900,7.95,18.050
6775,34,9079,ARTISTIC,2,7.700,7.95,18.050
6830,34,9083,ARTISTIC,2,7.800,7.8,17.850
6831,40,9083,ARTISTIC,4,7.800,7.8,17.850
6832,37,9083,EXECUTION,4,6.900,7.5,17.850
6833,63,9083,ARTISTIC,3,7.900,7.8,17.850
6834,71,9083,EXECUTION,3,7.500,7.5,17.850
6835,65,9083,EXECUTION,1,7.500,7.5,17.850
6836,54,9083,ARTISTIC,1,7.800,7.8,17.850
6837,70,9083,EXECUTION,2,7.600,7.5,17.850
7896,45,9498,EXECUTION,1,7.000,7.35,17.450
7897,38,9498,EXECUTION,4,7.500,7.35,17.450
7899,70,9498,ARTISTIC,4,7.800,7.95,17.450
7900,42,9498,ARTISTIC,1,7.900,7.95,17.450
7901,65,9498,ARTISTIC,3,8.200,7.95,17.450
7902,51,9498,EXECUTION,2,7.400,7.35,17.450
7903,64,9498,ARTISTIC,2,8.000,7.95,17.450
7904,54,9498,EXECUTION,3,7.300,7.35,17.450
7963,54,9505,EXECUTION,3,7.600,7.6,18.100
7959,70,9505,ARTISTIC,4,8.100,8.05,18.100
7960,65,9505,ARTISTIC,3,8.200,8.05,18.100
7961,45,9505,EXECUTION,1,7.400,7.6,18.100
7962,38,9505,EXECUTION,4,7.700,7.6,18.100
7964,42,9505,ARTISTIC,1,8.000,8.05,18.100
7965,64,9505,ARTISTIC,2,7.900,8.05,18.100
7966,51,9505,EXECUTION,2,7.600,7.6,18.100
7238,65,9124,EXECUTION,4,7.300,6.85,16.550
7239,56,9124,EXECUTION,3,6.800,6.85,16.550
7240,45,9124,EXECUTION,2,6.100,6.85,16.550
7241,74,9124,ARTISTIC,3,7.700,7.85,16.550
7242,75,9124,ARTISTIC,4,8.000,7.85,16.550
7243,42,9124,ARTISTIC,1,7.600,7.85,16.550
7244,64,9124,ARTISTIC,2,8.200,7.85,16.550
7245,57,9124,EXECUTION,1,6.900,6.85,16.550
7297,56,9131,EXECUTION,3,7.700,7.7,15.750
7298,74,9131,ARTISTIC,3,7.800,8.05,15.750
7299,45,9131,EXECUTION,2,7.600,7.7,15.750
7300,42,9131,ARTISTIC,1,8.200,8.05,15.750
7301,64,9131,ARTISTIC,2,7.800,8.05,15.750
7302,65,9131,EXECUTION,4,7.900,7.7,15.750
7303,75,9131,ARTISTIC,4,8.400,8.05,15.750
7304,57,9131,EXECUTION,1,7.700,7.7,15.750
8023,70,9512,ARTISTIC,4,8.600,8.55,19.250
8024,38,9512,EXECUTION,4,8.200,8.2,19.250
8025,65,9512,ARTISTIC,3,8.500,8.55,19.250
8026,42,9512,ARTISTIC,1,8.700,8.55,19.250
8027,54,9512,EXECUTION,3,8.300,8.2,19.250
8028,51,9512,EXECUTION,2,8.200,8.2,19.250
8029,64,9512,ARTISTIC,2,8.500,8.55,19.250
8030,45,9512,EXECUTION,1,8.100,8.2,19.250
7355,65,9138,EXECUTION,4,7.900,7.6,18.400
7356,74,9138,ARTISTIC,3,8.300,8.3,18.400
7357,56,9138,EXECUTION,3,7.800,7.6,18.400
7358,45,9138,EXECUTION,2,7.400,7.6,18.400
7359,42,9138,ARTISTIC,1,8.200,8.3,18.400
7361,64,9138,ARTISTIC,2,8.300,8.3,18.400
7362,75,9138,ARTISTIC,4,8.400,8.3,18.400
7363,57,9138,EXECUTION,1,7.400,7.6,18.400
8085,38,9519,EXECUTION,4,7.800,7.75,18.500
8086,65,9519,ARTISTIC,3,8.100,8.3,18.500
8087,42,9519,ARTISTIC,1,8.300,8.3,18.500
8088,45,9519,EXECUTION,1,7.500,7.75,18.500
8089,51,9519,EXECUTION,2,7.900,7.75,18.500
8090,64,9519,ARTISTIC,2,8.300,8.3,18.500
8091,54,9519,EXECUTION,3,7.700,7.75,18.500
8092,70,9519,ARTISTIC,4,8.300,8.3,18.500
7418,65,9145,EXECUTION,4,7.500,7.45,17.550
7419,42,9145,ARTISTIC,1,8.000,8,17.550
7420,56,9145,EXECUTION,3,7.700,7.45,17.550
7421,75,9145,ARTISTIC,4,8.200,8,17.550
7422,74,9145,ARTISTIC,3,8.000,8,17.550
7423,64,9145,ARTISTIC,2,7.800,8,17.550
7424,57,9145,EXECUTION,1,7.400,7.45,17.550
7425,45,9145,EXECUTION,2,7.400,7.45,17.550
6931,35,9087,ARTISTIC,4,7.700,7.6,16.850
6932,38,9087,EXECUTION,2,7.400,7.45,16.850
6933,56,9087,ARTISTIC,1,7.500,7.6,16.850
6934,46,9087,EXECUTION,3,7.500,7.45,16.850
6935,64,9087,EXECUTION,1,7.400,7.45,16.850
6936,72,9087,EXECUTION,4,7.700,7.45,16.850
6937,67,9087,ARTISTIC,3,7.800,7.6,16.850
6938,66,9087,ARTISTIC,2,7.300,7.6,16.850
6995,35,9091,ARTISTIC,4,8.200,8.1,17.950
6997,56,9091,ARTISTIC,1,8.200,8.1,17.950
6998,38,9091,EXECUTION,2,7.300,7.7,17.950
6999,67,9091,ARTISTIC,3,8.000,8.1,17.950
7000,72,9091,EXECUTION,4,7.800,7.7,17.950
7001,46,9091,EXECUTION,3,7.900,7.7,17.950
7002,66,9091,ARTISTIC,2,7.900,8.1,17.950
7003,64,9091,EXECUTION,1,7.600,7.7,17.950
7481,65,9152,EXECUTION,4,7.400,7.1,17.150
7482,56,9152,EXECUTION,3,6.700,7.1,17.150
7483,42,9152,ARTISTIC,1,8.000,8.1,17.150
7484,74,9152,ARTISTIC,3,7.700,8.1,17.150
7485,45,9152,EXECUTION,2,7.000,7.1,17.150
7487,75,9152,ARTISTIC,4,8.200,8.1,17.150
7488,64,9152,ARTISTIC,2,8.300,8.1,17.150
7489,57,9152,EXECUTION,1,7.200,7.1,17.150
7566,35,9460,EXECUTION,4,8.100,8.15,16.400
7567,38,9460,EXECUTION,2,8.200,8.15,16.400
7568,40,9460,EXECUTION,3,8.200,8.15,16.400
7569,64,9460,EXECUTION,1,8.000,8.15,16.400
7570,65,9460,ARTISTIC,1,8.000,8.25,16.400
7571,68,9460,ARTISTIC,4,8.200,8.25,16.400
7572,67,9460,ARTISTIC,3,8.300,8.25,16.400
7573,66,9460,ARTISTIC,2,8.300,8.25,16.400
7059,35,9095,ARTISTIC,4,7.400,7.5,15.400
7060,56,9095,ARTISTIC,1,7.500,7.5,15.400
7061,38,9095,EXECUTION,2,7.200,7.15,15.400
7062,72,9095,EXECUTION,4,6.900,7.15,15.400
7063,67,9095,ARTISTIC,3,7.500,7.5,15.400
7065,46,9095,EXECUTION,3,7.100,7.15,15.400
7066,64,9095,EXECUTION,1,7.200,7.15,15.400
7067,66,9095,ARTISTIC,2,7.600,7.5,15.400
7626,65,9468,ARTISTIC,1,8.400,8.2,17.900
7627,64,9468,EXECUTION,1,7.400,7.6,17.900
7628,67,9468,ARTISTIC,3,8.100,8.2,17.900
7629,38,9468,EXECUTION,2,7.600,7.6,17.900
7630,35,9468,EXECUTION,4,7.900,7.6,17.900
7631,68,9468,ARTISTIC,4,8.300,8.2,17.900
7632,66,9468,ARTISTIC,2,8.100,8.2,17.900
7633,40,9468,EXECUTION,3,7.600,7.6,17.900
9987,98,10181,ARTISTIC,2,7.200,6.5,14.950
9988,113,10181,ARTISTIC,4,6.400,6.5,14.950
9990,104,10181,EXECUTION,3,7.300,7.05,14.950
9991,43,10181,ARTISTIC,1,6.600,6.5,14.950
9992,76,10181,EXECUTION,1,6.400,7.05,14.950
9993,112,10181,EXECUTION,2,7.100,7.05,14.950
9994,78,10181,EXECUTION,4,7.000,7.05,14.950
9997,82,10181,ARTISTIC,3,6.300,6.5,14.950
7689,64,9475,EXECUTION,1,7.500,7.55,17.850
7690,40,9475,EXECUTION,3,7.600,7.55,17.850
7691,65,9475,ARTISTIC,1,8.200,8.2,17.850
7692,68,9475,ARTISTIC,4,8.200,8.2,17.850
7693,66,9475,ARTISTIC,2,8.200,8.2,17.850
7694,38,9475,EXECUTION,2,7.500,7.55,17.850
7695,35,9475,EXECUTION,4,7.600,7.55,17.850
7696,67,9475,ARTISTIC,3,7.800,8.2,17.850
7752,38,9482,EXECUTION,2,7.000,6.8,16.450
7753,64,9482,EXECUTION,1,6.700,6.8,16.450
7754,40,9482,EXECUTION,3,6.900,6.8,16.450
7755,65,9482,ARTISTIC,1,7.400,7.65,16.450
7756,66,9482,ARTISTIC,2,7.800,7.65,16.450
7757,35,9482,EXECUTION,4,6.700,6.8,16.450
7758,68,9482,ARTISTIC,4,7.800,7.65,16.450
7759,67,9482,ARTISTIC,3,7.500,7.65,16.450
10043,79,10210,EXECUTION,1,6.400,6.45,14.500
10044,108,10210,ARTISTIC,2,6.800,7,14.500
10045,77,10210,ARTISTIC,3,7.000,7,14.500
10046,80,10210,EXECUTION,4,6.500,6.45,14.500
10047,81,10210,EXECUTION,3,6.300,6.45,14.500
10048,110,10210,EXECUTION,2,6.500,6.45,14.500
10049,111,10210,ARTISTIC,4,7.000,7,14.500
10053,107,10210,ARTISTIC,1,7.100,7,14.500
6222,56,8825,EXECUTION,1,7.800,8.1,16.500
6223,70,8825,EXECUTION,2,8.200,8.1,16.500
6224,71,8825,EXECUTION,3,8.400,8.1,16.500
6225,37,8825,EXECUTION,4,8.500,8.1,16.500
6226,54,8825,ARTISTIC,1,8.400,8.4,16.500
6227,34,8825,ARTISTIC,2,8.400,8.4,16.500
6228,63,8825,ARTISTIC,3,8.300,8.4,16.500
6229,46,8825,ARTISTIC,4,8.500,8.4,16.500
10369,98,10232,ARTISTIC,2,6.700,6.85,15.350
10370,78,10232,EXECUTION,4,7.200,7.05,15.350
10371,112,10232,EXECUTION,2,6.900,7.05,15.350
10372,113,10232,ARTISTIC,4,7.200,6.85,15.350
10374,104,10232,EXECUTION,3,6.500,7.05,15.350
10375,43,10232,ARTISTIC,1,7.000,6.85,15.350
10376,76,10232,EXECUTION,1,7.200,7.05,15.350
10378,82,10232,ARTISTIC,3,6.700,6.85,15.350
10094,107,10213,ARTISTIC,1,6.200,6.4,13.050
10095,108,10213,ARTISTIC,2,6.500,6.4,13.050
10097,81,10213,EXECUTION,3,5.600,5.95,13.050
10098,77,10213,ARTISTIC,3,6.800,6.4,13.050
10099,79,10213,EXECUTION,1,5.900,5.95,13.050
10100,110,10213,EXECUTION,2,6.000,5.95,13.050
10101,111,10213,ARTISTIC,4,6.300,6.4,13.050
10102,80,10213,EXECUTION,4,6.400,5.95,13.050
9820,79,10197,EXECUTION,1,6.800,6.8,14.700
9822,81,10197,EXECUTION,3,6.800,6.8,14.700
9823,77,10197,ARTISTIC,3,7.200,6.85,14.700
9824,108,10197,ARTISTIC,2,6.800,6.85,14.700
9825,80,10197,EXECUTION,4,6.700,6.8,14.700
9831,111,10197,ARTISTIC,4,6.200,6.85,14.700
9837,110,10197,EXECUTION,2,6.900,6.8,14.700
9827,107,10197,ARTISTIC,1,6.900,6.85,14.700
10150,104,10190,EXECUTION,3,6.300,6.25,13.500
10152,82,10190,ARTISTIC,3,6.200,6.1,13.500
10153,98,10190,ARTISTIC,2,6.000,6.1,13.500
10154,76,10190,EXECUTION,1,6.200,6.25,13.500
10155,43,10190,ARTISTIC,1,6.200,6.1,13.500
10156,113,10190,ARTISTIC,4,6.000,6.1,13.500
10157,78,10190,EXECUTION,4,5.800,6.25,13.500
10158,112,10190,EXECUTION,2,6.800,6.25,13.500
9877,107,10200,ARTISTIC,1,5.700,5.8,12.450
9878,81,10200,EXECUTION,3,5.300,5.85,12.450
9880,108,10200,ARTISTIC,2,5.900,5.8,12.450
9881,77,10200,ARTISTIC,3,5.700,5.8,12.450
9882,80,10200,EXECUTION,4,6.000,5.85,12.450
9883,111,10200,ARTISTIC,4,6.200,5.8,12.450
9884,79,10200,EXECUTION,1,5.700,5.85,12.450
9885,110,10200,EXECUTION,2,6.100,5.85,12.450
9934,107,10203,ARTISTIC,1,7.200,7.35,15.400
9935,108,10203,ARTISTIC,2,7.400,7.35,15.400
9936,79,10203,EXECUTION,1,7.000,7,15.400
9937,77,10203,ARTISTIC,3,7.400,7.35,15.400
9938,80,10203,EXECUTION,4,7.000,7,15.400
9939,81,10203,EXECUTION,3,6.800,7,15.400
9940,110,10203,EXECUTION,2,7.200,7,15.400
9941,111,10203,ARTISTIC,4,7.300,7.35,15.400
10807,108,10287,ARTISTIC,2,5.300,5.7,12.100
10808,81,10287,EXECUTION,3,5.000,5.55,12.100
10809,107,10287,ARTISTIC,1,6.000,5.7,12.100
10810,77,10287,ARTISTIC,3,5.900,5.7,12.100
10811,79,10287,EXECUTION,1,5.600,5.55,12.100
10812,110,10287,EXECUTION,2,5.500,5.55,12.100
10813,111,10287,ARTISTIC,4,5.500,5.7,12.100
10814,80,10287,EXECUTION,4,5.700,5.55,12.100
10204,107,10219,ARTISTIC,1,5.900,6.15,12.500
10205,81,10219,EXECUTION,3,5.700,5.65,12.500
10206,79,10219,EXECUTION,1,5.600,5.65,12.500
10207,77,10219,ARTISTIC,3,6.300,6.15,12.500
10209,80,10219,EXECUTION,4,5.500,5.65,12.500
10210,108,10219,ARTISTIC,2,6.300,6.15,12.500
10211,110,10219,EXECUTION,2,5.900,5.65,12.500
10212,111,10219,ARTISTIC,4,6.000,6.15,12.500
10425,98,10235,ARTISTIC,2,6.800,6.4,12.700
10426,43,10235,ARTISTIC,1,6.200,6.4,12.700
10427,82,10235,ARTISTIC,3,6.400,6.4,12.700
10428,113,10235,ARTISTIC,4,6.400,6.4,12.700
10429,104,10235,EXECUTION,3,5.000,6.05,12.700
10430,76,10235,EXECUTION,1,6.300,6.05,12.700
10424,112,10235,EXECUTION,2,5.800,6.05,12.700
10441,78,10235,EXECUTION,4,6.600,6.05,12.700
10260,98,10221,ARTISTIC,2,5.400,5.5,11.700
10261,76,10221,EXECUTION,1,6.000,5.65,11.700
10262,112,10221,EXECUTION,2,5.800,5.65,11.700
10264,43,10221,ARTISTIC,1,5.000,5.5,11.700
10266,82,10221,ARTISTIC,3,6.000,5.5,11.700
10267,78,10221,EXECUTION,4,5.500,5.65,11.700
10268,104,10221,EXECUTION,3,2.700,5.65,11.700
10269,113,10221,ARTISTIC,4,5.600,5.5,11.700
10641,107,10256,ARTISTIC,1,6.100,6,13.300
10642,79,10256,EXECUTION,1,5.900,5.85,13.300
10643,108,10256,ARTISTIC,2,5.800,6,13.300
10644,77,10256,ARTISTIC,3,5.900,6,13.300
10645,81,10256,EXECUTION,3,5.000,5.85,13.300
10646,110,10256,EXECUTION,2,5.900,5.85,13.300
10647,80,10256,EXECUTION,4,5.800,5.85,13.300
10649,111,10256,ARTISTIC,4,6.200,6,13.300
10478,112,10238,EXECUTION,2,5.600,5.5,11.300
10480,98,10238,ARTISTIC,2,5.300,5.5,11.300
10481,43,10238,ARTISTIC,1,5.800,5.5,11.300
10482,82,10238,ARTISTIC,3,5.700,5.5,11.300
10483,78,10238,EXECUTION,4,5.400,5.5,11.300
10484,76,10238,EXECUTION,1,5.600,5.5,11.300
10485,113,10238,ARTISTIC,4,5.300,5.5,11.300
10486,104,10238,EXECUTION,3,4.900,5.5,11.300
10325,107,10226,ARTISTIC,1,5.600,5.55,11.550
10326,81,10226,EXECUTION,3,5.000,5.5,11.550
10328,108,10226,ARTISTIC,2,5.200,5.55,11.550
10329,79,10226,EXECUTION,1,5.600,5.5,11.550
10330,80,10226,EXECUTION,4,5.700,5.5,11.550
10331,110,10226,EXECUTION,2,5.400,5.5,11.550
10332,77,10226,ARTISTIC,3,5.500,5.55,11.550
10333,111,10226,ARTISTIC,4,5.600,5.55,11.550
10533,107,10250,ARTISTIC,1,6.600,6.6,14.550
10535,108,10250,ARTISTIC,2,6.700,6.6,14.550
10536,110,10250,EXECUTION,2,6.400,6.5,14.550
10537,111,10250,ARTISTIC,4,6.600,6.6,14.550
10538,81,10250,EXECUTION,3,6.000,6.5,14.550
10539,80,10250,EXECUTION,4,6.700,6.5,14.550
10540,79,10250,EXECUTION,1,6.600,6.5,14.550
10541,77,10250,ARTISTIC,3,6.400,6.6,14.550
10586,108,10253,ARTISTIC,2,7.800,7.35,16.450
10587,107,10253,ARTISTIC,1,7.200,7.35,16.450
10588,79,10253,EXECUTION,1,6.900,6.95,16.450
10589,77,10253,ARTISTIC,3,7.300,7.35,16.450
10590,81,10253,EXECUTION,3,6.900,6.95,16.450
10591,80,10253,EXECUTION,4,7.500,6.95,16.450
10592,110,10253,EXECUTION,2,7.000,6.95,16.450
10593,111,10253,ARTISTIC,4,7.400,7.35,16.450
10697,112,10275,EXECUTION,2,5.500,5.5,12.000
10698,82,10275,ARTISTIC,3,5.700,5.9,12.000
10700,78,10275,EXECUTION,4,5.500,5.5,12.000
10701,104,10275,EXECUTION,3,5.500,5.5,12.000
10702,43,10275,ARTISTIC,1,6.100,5.9,12.000
10703,76,10275,EXECUTION,1,5.700,5.5,12.000
10709,113,10275,ARTISTIC,4,5.700,5.9,12.000
10714,98,10275,ARTISTIC,2,6.500,5.9,12.000
9813,77,10170,ARTISTIC,3,8.200,0,2.556
9814,81,10170,EXECUTION,3,7.700,0,2.556
10772,80,10285,EXECUTION,4,7.200,7.2,15.450
10773,107,10285,ARTISTIC,1,7.400,7.4,15.450
10774,77,10285,ARTISTIC,3,7.800,7.4,15.450
10775,81,10285,EXECUTION,3,7.200,7.2,15.450
10776,108,10285,ARTISTIC,2,7.400,7.4,15.450
10777,110,10285,EXECUTION,2,7.200,7.2,15.450
10778,111,10285,ARTISTIC,4,7.300,7.4,15.450
10779,79,10285,EXECUTION,1,7.000,7.2,15.450
10842,77,10289,ARTISTIC,3,8.400,8.4,18.850
10843,81,10289,EXECUTION,3,7.800,7.95,18.850
10844,111,10289,ARTISTIC,4,8.200,8.4,18.850
10846,79,10289,EXECUTION,1,8.000,7.95,18.850
10847,80,10289,EXECUTION,4,8.200,7.95,18.850
10848,107,10289,ARTISTIC,1,8.400,8.4,18.850
10849,110,10289,EXECUTION,2,7.900,7.95,18.850
10850,108,10289,ARTISTIC,2,8.500,8.4,18.850
10879,110,10293,EXECUTION,2,6.200,6.3,13.900
10880,81,10293,EXECUTION,3,5.800,6.3,13.900
10881,79,10293,EXECUTION,1,6.400,6.3,13.900
10883,77,10293,ARTISTIC,3,6.400,6.65,13.900
10884,107,10293,ARTISTIC,1,6.800,6.65,13.900
10885,108,10293,ARTISTIC,2,6.500,6.65,13.900
10886,111,10293,ARTISTIC,4,7.000,6.65,13.900
10887,80,10293,EXECUTION,4,6.400,6.3,13.900
10922,107,10427,ARTISTIC,1,5.500,5.75,10.500
10923,108,10427,ARTISTIC,2,5.900,5.75,10.500
10924,79,10427,EXECUTION,1,5.600,5.35,10.500
10925,111,10427,ARTISTIC,4,5.600,5.75,10.500
10926,80,10427,EXECUTION,4,5.900,5.35,10.500
10927,110,10427,EXECUTION,2,5.100,5.35,10.500
10928,81,10427,EXECUTION,3,4.500,5.35,10.500
10929,77,10427,ARTISTIC,3,6.000,5.75,10.500
10954,108,10429,ARTISTIC,2,7.400,7.3,16.250
10955,80,10429,EXECUTION,4,7.200,7.05,16.250
10957,111,10429,ARTISTIC,4,7.400,7.3,16.250
10958,81,10429,EXECUTION,3,6.500,7.05,16.250
10959,107,10429,ARTISTIC,1,7.000,7.3,16.250
10960,77,10429,ARTISTIC,3,7.200,7.3,16.250
10961,110,10429,EXECUTION,2,6.900,7.05,16.250
10962,79,10429,EXECUTION,1,7.300,7.05,16.250
10989,80,10431,EXECUTION,4,6.700,6.9,16.350
10990,110,10431,EXECUTION,2,7.100,6.9,16.350
10991,81,10431,EXECUTION,3,6.700,6.9,16.350
10992,108,10431,ARTISTIC,2,7.600,7.6,16.350
10993,79,10431,EXECUTION,1,7.200,6.9,16.350
10994,111,10431,ARTISTIC,4,7.800,7.6,16.350
10995,77,10431,ARTISTIC,3,7.600,7.6,16.350
10998,107,10431,ARTISTIC,1,7.400,7.6,16.350
11025,80,10433,EXECUTION,4,7.400,7.25,16.600
11026,81,10433,EXECUTION,3,7.300,7.25,16.600
11027,111,10433,ARTISTIC,4,7.500,7.55,16.600
11028,108,10433,ARTISTIC,2,7.300,7.55,16.600
11030,77,10433,ARTISTIC,3,7.900,7.55,16.600
11031,107,10433,ARTISTIC,1,7.600,7.55,16.600
11032,79,10433,EXECUTION,1,7.000,7.25,16.600
11033,110,10433,EXECUTION,2,7.200,7.25,16.600
11061,80,10435,EXECUTION,4,7.500,7.2,16.650
11062,111,10435,ARTISTIC,4,7.800,7.6,16.650
11063,81,10435,EXECUTION,3,7.000,7.2,16.650
11064,108,10435,ARTISTIC,2,7.400,7.6,16.650
11065,107,10435,ARTISTIC,1,7.300,7.6,16.650
11066,110,10435,EXECUTION,2,7.100,7.2,16.650
11068,77,10435,ARTISTIC,3,7.800,7.6,16.650
11069,79,10435,EXECUTION,1,7.300,7.2,16.650
11099,43,10444,ARTISTIC,1,7.800,7.9,16.600
11100,78,10444,EXECUTION,4,7.400,7.65,16.600
11101,98,10444,ARTISTIC,2,8.000,7.9,16.600
11102,76,10444,EXECUTION,1,7.800,7.65,16.600
11103,112,10444,EXECUTION,2,7.500,7.65,16.600
11104,113,10444,ARTISTIC,4,7.500,7.9,16.600
11105,104,10444,EXECUTION,3,8.100,7.65,16.600
11106,82,10444,ARTISTIC,3,8.500,7.9,16.600
11134,112,10454,EXECUTION,2,5.600,5.75,11.900
11135,76,10454,EXECUTION,1,5.900,5.75,11.900
11136,43,10454,ARTISTIC,1,5.900,6.15,11.900
11137,82,10454,ARTISTIC,3,5.800,6.15,11.900
11138,113,10454,ARTISTIC,4,6.400,6.15,11.900
11141,104,10454,EXECUTION,3,5.000,5.75,11.900
11142,78,10454,EXECUTION,4,6.000,5.75,11.900
11143,98,10454,ARTISTIC,2,6.400,6.15,11.900
11162,79,10448,EXECUTION,1,7.300,6.95,16.150
11166,111,10448,ARTISTIC,4,7.200,7.3,16.150
11167,108,10448,ARTISTIC,2,7.400,7.3,16.150
11168,107,10448,ARTISTIC,1,7.200,7.3,16.150
11169,77,10448,ARTISTIC,3,7.600,7.3,16.150
11171,80,10448,EXECUTION,4,7.000,6.95,16.150
11172,110,10448,EXECUTION,2,6.900,6.95,16.150
11173,81,10448,EXECUTION,3,6.600,6.95,16.150
11210,98,10458,ARTISTIC,2,7.300,7.4,15.300
11211,112,10458,EXECUTION,2,6.900,6.85,15.300
11212,113,10458,ARTISTIC,4,7.500,7.4,15.300
11213,76,10458,EXECUTION,1,6.800,6.85,15.300
11214,104,10458,EXECUTION,3,6.800,6.85,15.300
11215,43,10458,ARTISTIC,1,7.300,7.4,15.300
11216,82,10458,ARTISTIC,3,7.500,7.4,15.300
11217,78,10458,EXECUTION,4,7.000,6.85,15.300
11239,112,10460,EXECUTION,2,6.900,7,15.400
11240,76,10460,EXECUTION,1,7.100,7,15.400
11241,78,10460,EXECUTION,4,7.100,7,15.400
11242,98,10460,ARTISTIC,2,6.900,7.35,15.400
11243,104,10460,EXECUTION,3,6.300,7,15.400
11244,43,10460,ARTISTIC,1,7.500,7.35,15.400
11245,82,10460,ARTISTIC,3,7.400,7.35,15.400
11246,113,10460,ARTISTIC,4,7.300,7.35,15.400
4641,40,8646,EXECUTION,3,7.500,7.4,17.550
4643,38,8646,EXECUTION,2,7.300,7.4,17.550
4644,65,8646,ARTISTIC,1,8.200,8,17.550
4645,35,8646,EXECUTION,4,7.100,7.4,17.550
4646,67,8646,ARTISTIC,3,8.000,8,17.550
4647,64,8646,EXECUTION,1,7.500,7.4,17.550
4648,68,8646,ARTISTIC,4,7.900,8,17.550
4649,66,8646,ARTISTIC,2,8.000,8,17.550
4659,40,8647,EXECUTION,3,7.500,7.7,17.600
4660,65,8647,ARTISTIC,1,8.100,8.1,17.600
4662,38,8647,EXECUTION,2,7.700,7.7,17.600
4663,68,8647,ARTISTIC,4,8.400,8.1,17.600
4664,67,8647,ARTISTIC,3,8.100,8.1,17.600
4665,35,8647,EXECUTION,4,7.700,7.7,17.600
4666,64,8647,EXECUTION,1,7.800,7.7,17.600
4667,66,8647,ARTISTIC,2,8.100,8.1,17.600
4650,56,8740,EXECUTION,1,7.100,6.9,16.300
4651,70,8740,EXECUTION,2,7.200,6.9,16.300
4652,54,8740,ARTISTIC,1,7.500,7.45,16.300
4653,37,8740,EXECUTION,4,6.700,6.9,16.300
4654,63,8740,ARTISTIC,3,7.500,7.45,16.300
4655,46,8740,ARTISTIC,4,7.400,7.45,16.300
4656,34,8740,ARTISTIC,2,7.400,7.45,16.300
4658,71,8740,EXECUTION,3,6.700,6.9,16.300
4632,70,8739,EXECUTION,2,7.300,6.8,15.450
4633,54,8739,ARTISTIC,1,7.400,7.35,15.450
4634,46,8739,ARTISTIC,4,7.300,7.35,15.450
4635,37,8739,EXECUTION,4,6.600,6.8,15.450
4637,56,8739,EXECUTION,1,6.800,6.8,15.450
4638,71,8739,EXECUTION,3,6.800,6.8,15.450
4639,63,8739,ARTISTIC,3,7.600,7.35,15.450
4640,34,8739,ARTISTIC,2,7.300,7.35,15.450
4596,70,8737,EXECUTION,2,5.700,5.65,13.800
4597,56,8737,EXECUTION,1,6.100,5.65,13.800
4599,37,8737,EXECUTION,4,5.200,5.65,13.800
4600,63,8737,ARTISTIC,3,6.700,6.8,13.800
4598,54,8737,ARTISTIC,1,6.200,6.8,13.800
4601,46,8737,ARTISTIC,4,7.200,6.8,13.800
4602,71,8737,EXECUTION,3,5.600,5.65,13.800
4603,34,8737,ARTISTIC,2,6.900,6.8,13.800
4589,38,8643,EXECUTION,2,7.700,7.65,17.750
4590,40,8643,EXECUTION,3,7.700,7.65,17.750
4592,67,8643,ARTISTIC,3,8.200,8,17.750
4593,35,8643,EXECUTION,4,7.600,7.65,17.750
4594,64,8643,EXECUTION,1,7.300,7.65,17.750
4595,66,8643,ARTISTIC,2,8.000,8,17.750
4591,68,8643,ARTISTIC,4,8.000,8,17.750
4588,65,8643,ARTISTIC,1,7.700,8,17.750
4506,54,8732,ARTISTIC,1,8.000,8.2,17.900
4507,63,8732,ARTISTIC,3,8.300,8.2,17.900
4508,70,8732,EXECUTION,2,7.600,7.55,17.900
4509,46,8732,ARTISTIC,4,8.300,8.2,17.900
4510,37,8732,EXECUTION,4,7.600,7.55,17.900
4511,56,8732,EXECUTION,1,7.300,7.55,17.900
4512,71,8732,EXECUTION,3,7.500,7.55,17.900
4513,34,8732,ARTISTIC,2,8.100,8.2,17.900
4498,40,8638,EXECUTION,3,7.400,7.5,17.700
4499,65,8638,ARTISTIC,1,8.200,8.05,17.700
4500,38,8638,EXECUTION,2,7.800,7.5,17.700
4501,67,8638,ARTISTIC,3,8.100,8.05,17.700
4502,68,8638,ARTISTIC,4,7.700,8.05,17.700
4503,35,8638,EXECUTION,4,7.200,7.5,17.700
4504,66,8638,ARTISTIC,2,8.000,8.05,17.700
4505,64,8638,EXECUTION,1,7.600,7.5,17.700
4514,40,8639,EXECUTION,3,7.200,7.35,17.300
4515,38,8639,EXECUTION,2,7.300,7.35,17.300
4516,67,8639,ARTISTIC,3,7.800,7.9,17.300
4518,68,8639,ARTISTIC,4,7.900,7.9,17.300
4519,65,8639,ARTISTIC,1,7.900,7.9,17.300
4520,35,8639,EXECUTION,4,7.400,7.35,17.300
4521,66,8639,ARTISTIC,2,8.200,7.9,17.300
4522,64,8639,EXECUTION,1,7.600,7.35,17.300
4581,54,8736,ARTISTIC,1,8.200,8.1,17.800
4582,46,8736,ARTISTIC,4,8.100,8.1,17.800
4583,34,8736,ARTISTIC,2,8.000,8.1,17.800
4584,70,8736,EXECUTION,2,7.600,7.55,17.800
4585,56,8736,EXECUTION,1,7.600,7.55,17.800
4587,71,8736,EXECUTION,3,7.100,7.55,17.800
4578,63,8736,ARTISTIC,3,8.100,8.1,17.800
4579,37,8736,EXECUTION,4,7.500,7.55,17.800
4569,65,8642,ARTISTIC,1,8.400,8.4,18.450
4570,38,8642,EXECUTION,2,7.900,7.9,18.450
4572,40,8642,EXECUTION,3,7.900,7.9,18.450
4573,67,8642,ARTISTIC,3,8.500,8.4,18.450
4574,35,8642,EXECUTION,4,7.900,7.9,18.450
4575,68,8642,ARTISTIC,4,8.300,8.4,18.450
4576,64,8642,EXECUTION,1,8.000,7.9,18.450
4577,66,8642,ARTISTIC,2,8.400,8.4,18.450
4849,70,8751,EXECUTION,2,7.000,7.05,16.850
4850,46,8751,ARTISTIC,4,7.500,7.55,16.850
4851,71,8751,EXECUTION,3,7.100,7.05,16.850
4853,34,8751,ARTISTIC,2,7.600,7.55,16.850
4854,37,8751,EXECUTION,4,7.100,7.05,16.850
4855,56,8751,EXECUTION,1,7.000,7.05,16.850
4856,63,8751,ARTISTIC,3,7.600,7.55,16.850
4848,54,8751,ARTISTIC,1,6.700,7.55,16.850
4489,54,8731,ARTISTIC,1,7.700,7.6,16.450
4490,46,8731,ARTISTIC,4,7.500,7.6,16.450
4491,37,8731,EXECUTION,4,6.700,6.9,16.450
4487,70,8731,EXECUTION,2,7.500,6.9,16.450
4492,56,8731,EXECUTION,1,7.100,6.9,16.450
4494,71,8731,EXECUTION,3,6.700,6.9,16.450
4495,63,8731,ARTISTIC,3,7.700,7.6,16.450
4496,34,8731,ARTISTIC,2,7.300,7.6,16.450
4488,66,8637,ARTISTIC,2,7.800,8,17.700
4479,38,8637,EXECUTION,2,7.600,7.55,17.700
4480,40,8637,EXECUTION,3,7.500,7.55,17.700
4481,65,8637,ARTISTIC,1,8.100,8,17.700
4482,35,8637,EXECUTION,4,7.600,7.55,17.700
4484,67,8637,ARTISTIC,3,8.000,8,17.700
4485,68,8637,ARTISTIC,4,8.000,8,17.700
4486,64,8637,EXECUTION,1,7.400,7.55,17.700
4469,71,8730,EXECUTION,3,7.600,7.55,17.800
4471,63,8730,ARTISTIC,3,7.500,7.75,17.800
4473,37,8730,EXECUTION,4,7.600,7.55,17.800
4474,54,8730,ARTISTIC,1,7.900,7.75,17.800
4475,34,8730,ARTISTIC,2,7.800,7.75,17.800
4476,70,8730,EXECUTION,2,7.400,7.55,17.800
4477,56,8730,EXECUTION,1,7.500,7.55,17.800
4472,46,8730,ARTISTIC,4,7.700,7.75,17.800
4443,40,8635,EXECUTION,3,7.600,7.75,17.750
4444,68,8635,ARTISTIC,4,7.800,7.85,17.750
4445,67,8635,ARTISTIC,3,8.000,7.85,17.750
4446,38,8635,EXECUTION,2,7.800,7.75,17.750
4447,65,8635,ARTISTIC,1,7.500,7.85,17.750
4448,35,8635,EXECUTION,4,7.700,7.75,17.750
4449,66,8635,ARTISTIC,2,7.900,7.85,17.750
4451,64,8635,EXECUTION,1,7.800,7.75,17.750
4461,38,8636,EXECUTION,2,7.500,7.35,17.050
4462,68,8636,ARTISTIC,4,7.600,7.55,17.050
4463,40,8636,EXECUTION,3,7.400,7.35,17.050
4464,65,8636,ARTISTIC,1,7.500,7.55,17.050
4465,67,8636,ARTISTIC,3,7.700,7.55,17.050
4466,66,8636,ARTISTIC,2,7.400,7.55,17.050
4467,35,8636,EXECUTION,4,6.900,7.35,17.050
4468,64,8636,EXECUTION,1,7.300,7.35,17.050
4677,38,8648,EXECUTION,2,6.700,6.85,16.400
4678,65,8648,ARTISTIC,1,7.400,7.4,16.400
4679,68,8648,ARTISTIC,4,7.000,7.4,16.400
4681,40,8648,EXECUTION,3,6.100,6.85,16.400
4682,35,8648,EXECUTION,4,7.000,6.85,16.400
4683,67,8648,ARTISTIC,3,7.400,7.4,16.400
4684,66,8648,ARTISTIC,2,7.900,7.4,16.400
4685,64,8648,EXECUTION,1,7.100,6.85,16.400
4454,71,8729,EXECUTION,3,7.700,7.65,18.150
4455,37,8729,EXECUTION,4,7.700,7.65,18.150
4456,46,8729,ARTISTIC,4,7.800,8,18.150
4457,70,8729,EXECUTION,2,7.600,7.65,18.150
4458,56,8729,EXECUTION,1,7.400,7.65,18.150
4459,63,8729,ARTISTIC,3,8.000,8,18.150
4452,54,8729,ARTISTIC,1,8.100,8,18.150
4460,34,8729,ARTISTIC,2,8.000,8,18.150
4524,56,8733,EXECUTION,1,7.000,7.3,17.200
4525,54,8733,ARTISTIC,1,7.800,7.85,17.200
4526,46,8733,ARTISTIC,4,7.900,7.85,17.200
4527,71,8733,EXECUTION,3,7.400,7.3,17.200
4528,63,8733,ARTISTIC,3,7.600,7.85,17.200
4530,37,8733,EXECUTION,4,7.200,7.3,17.200
4531,34,8733,ARTISTIC,2,7.900,7.85,17.200
4532,70,8733,EXECUTION,2,7.400,7.3,17.200
4533,38,8640,EXECUTION,2,7.400,7.4,17.000
4534,40,8640,EXECUTION,3,7.200,7.4,17.000
4536,67,8640,ARTISTIC,3,7.700,7.75,17.000
4538,35,8640,EXECUTION,4,7.400,7.4,17.000
4540,66,8640,ARTISTIC,2,7.900,7.75,17.000
4541,64,8640,EXECUTION,1,7.500,7.4,17.000
4535,65,8640,ARTISTIC,1,7.500,7.75,17.000
4537,68,8640,ARTISTIC,4,7.800,7.75,17.000
4668,70,8741,EXECUTION,2,6.700,6.7,16.450
4669,34,8741,ARTISTIC,2,7.400,7.45,16.450
4671,54,8741,ARTISTIC,1,7.800,7.45,16.450
4672,46,8741,ARTISTIC,4,7.300,7.45,16.450
4673,37,8741,EXECUTION,4,6.700,6.7,16.450
4674,63,8741,ARTISTIC,3,7.500,7.45,16.450
4675,71,8741,EXECUTION,3,6.700,6.7,16.450
4676,56,8741,EXECUTION,1,7.200,6.7,16.450
4623,38,8645,EXECUTION,2,7.200,7.3,17.300
4624,40,8645,EXECUTION,3,7.400,7.3,17.300
4625,65,8645,ARTISTIC,1,7.900,7.85,17.300
4626,35,8645,EXECUTION,4,7.200,7.3,17.300
4627,66,8645,ARTISTIC,2,7.800,7.85,17.300
4629,68,8645,ARTISTIC,4,7.600,7.85,17.300
4630,67,8645,ARTISTIC,3,7.900,7.85,17.300
4631,64,8645,EXECUTION,1,7.400,7.3,17.300
4605,65,8644,ARTISTIC,1,7.400,7.55,16.850
4606,38,8644,EXECUTION,2,7.300,7.3,16.850
4607,40,8644,EXECUTION,3,7.300,7.3,16.850
4609,35,8644,EXECUTION,4,7.000,7.3,16.850
4610,66,8644,ARTISTIC,2,7.600,7.55,16.850
4612,64,8644,EXECUTION,1,7.500,7.3,16.850
4608,67,8644,ARTISTIC,3,7.800,7.55,16.850
4611,68,8644,ARTISTIC,4,7.500,7.55,16.850
4542,70,8734,EXECUTION,2,7.600,7.55,17.800
4543,54,8734,ARTISTIC,1,8.100,7.8,17.800
4544,46,8734,ARTISTIC,4,7.700,7.8,17.800
4545,37,8734,EXECUTION,4,7.800,7.55,17.800
4546,56,8734,EXECUTION,1,7.400,7.55,17.800
4547,63,8734,ARTISTIC,3,7.900,7.8,17.800
4548,34,8734,ARTISTIC,2,7.700,7.8,17.800
4549,71,8734,EXECUTION,3,7.500,7.55,17.800
4560,71,8735,EXECUTION,3,7.700,7.7,18.500
4561,70,8735,EXECUTION,2,7.800,7.7,18.500
4562,46,8735,ARTISTIC,4,8.300,8.3,18.500
4563,63,8735,ARTISTIC,3,8.300,8.3,18.500
4564,37,8735,EXECUTION,4,7.700,7.7,18.500
4565,56,8735,EXECUTION,1,7.600,7.7,18.500
4566,54,8735,ARTISTIC,1,8.300,8.3,18.500
4568,34,8735,ARTISTIC,2,7.900,8.3,18.500
4687,56,8742,EXECUTION,1,6.400,5.95,14.850
4688,46,8742,ARTISTIC,4,7.500,7.45,14.850
4689,37,8742,EXECUTION,4,5.700,5.95,14.850
4691,54,8742,ARTISTIC,1,7.400,7.45,14.850
4692,34,8742,ARTISTIC,2,7.500,7.45,14.850
4690,63,8742,ARTISTIC,3,7.200,7.45,14.850
4686,70,8742,EXECUTION,2,6.300,5.95,14.850
4695,71,8742,EXECUTION,3,5.400,5.95,14.850
4614,70,8738,EXECUTION,2,6.800,6.05,14.100
4616,63,8738,ARTISTIC,3,6.900,7.05,14.100
4618,37,8738,EXECUTION,4,5.700,6.05,14.100
4619,46,8738,ARTISTIC,4,7.200,7.05,14.100
4620,71,8738,EXECUTION,3,5.900,6.05,14.100
4621,34,8738,ARTISTIC,2,7.200,7.05,14.100
4622,54,8738,ARTISTIC,1,6.800,7.05,14.100
4615,56,8738,EXECUTION,1,6.200,6.05,14.100
4550,65,8641,ARTISTIC,1,7.300,7.3,15.800
4551,38,8641,EXECUTION,2,6.600,6.75,15.800
4553,68,8641,ARTISTIC,4,7.500,7.3,15.800
4554,40,8641,EXECUTION,3,4.100,6.75,15.800
4555,67,8641,ARTISTIC,3,7.300,7.3,15.800
4556,35,8641,EXECUTION,4,6.900,6.75,15.800
4557,64,8641,EXECUTION,1,6.900,6.75,15.800
4558,66,8641,ARTISTIC,2,7.300,7.3,15.800
6459,40,9062,ARTISTIC,4,7.700,7.4,15.750
6460,65,9062,EXECUTION,1,7.000,7,15.750
6461,71,9062,EXECUTION,3,6.800,7,15.750
6462,54,9062,ARTISTIC,1,7.300,7.4,15.750
6463,37,9062,EXECUTION,4,7.000,7,15.750
6465,70,9062,EXECUTION,2,7.200,7,15.750
6466,63,9062,ARTISTIC,3,7.500,7.4,15.750
6467,34,9062,ARTISTIC,2,7.300,7.4,15.750
6413,65,9059,EXECUTION,1,7.700,7.75,18.550
6414,40,9059,ARTISTIC,4,8.300,8.1,18.550
6415,37,9059,EXECUTION,4,7.800,7.75,18.550
6416,70,9059,EXECUTION,2,7.700,7.75,18.550
6417,54,9059,ARTISTIC,1,8.200,8.1,18.550
6418,63,9059,ARTISTIC,3,8.000,8.1,18.550
6419,71,9059,EXECUTION,3,7.900,7.75,18.550
6421,34,9059,ARTISTIC,2,8.000,8.1,18.550
7185,45,9118,EXECUTION,2,8.200,8.05,16.350
7186,74,9118,ARTISTIC,3,8.300,8.3,16.350
7187,65,9118,EXECUTION,4,8.000,8.05,16.350
7188,42,9118,ARTISTIC,1,8.000,8.3,16.350
7189,75,9118,ARTISTIC,4,8.300,8.3,16.350
7190,64,9118,ARTISTIC,2,8.300,8.3,16.350
7191,57,9118,EXECUTION,1,8.000,8.05,16.350
7192,56,9118,EXECUTION,3,8.100,8.05,16.350
6523,65,9066,EXECUTION,1,6.800,7.05,16.200
6524,40,9066,ARTISTIC,4,7.500,7.55,16.200
6525,70,9066,EXECUTION,2,6.900,7.05,16.200
6526,54,9066,ARTISTIC,1,7.700,7.55,16.200
6527,63,9066,ARTISTIC,3,7.600,7.55,16.200
6528,71,9066,EXECUTION,3,7.200,7.05,16.200
6530,37,9066,EXECUTION,4,7.400,7.05,16.200
6531,34,9066,ARTISTIC,2,7.400,7.55,16.200
6585,40,9069,ARTISTIC,4,8.200,8.35,19.000
6586,70,9069,EXECUTION,2,7.800,7.9,19.000
6587,37,9069,EXECUTION,4,8.000,7.9,19.000
6588,65,9069,EXECUTION,1,8.000,7.9,19.000
6590,71,9069,EXECUTION,3,7.800,7.9,19.000
6591,63,9069,ARTISTIC,3,8.400,8.35,19.000
6584,54,9069,ARTISTIC,1,8.400,8.35,19.000
6593,34,9069,ARTISTIC,2,8.300,8.35,19.000
6649,35,9043,ARTISTIC,4,8.000,8.15,17.950
6650,56,9043,ARTISTIC,1,8.300,8.15,17.950
6651,38,9043,EXECUTION,2,7.700,7.7,17.950
6652,46,9043,EXECUTION,3,7.800,7.7,17.950
6653,72,9043,EXECUTION,4,7.700,7.7,17.950
6654,67,9043,ARTISTIC,3,8.200,8.15,17.950
6655,66,9043,ARTISTIC,2,8.100,8.15,17.950
6656,64,9043,EXECUTION,1,7.600,7.7,17.950
7247,65,9125,EXECUTION,4,8.300,8,18.600
7248,56,9125,EXECUTION,3,8.100,8,18.600
7249,74,9125,ARTISTIC,3,8.500,8.45,18.600
7250,45,9125,EXECUTION,2,7.900,8,18.600
7251,42,9125,ARTISTIC,1,8.400,8.45,18.600
7252,64,9125,ARTISTIC,2,8.400,8.45,18.600
7253,75,9125,ARTISTIC,4,8.600,8.45,18.600
7254,57,9125,EXECUTION,1,7.700,8,18.600
6712,65,9076,EXECUTION,1,7.400,7.4,17.800
6713,70,9076,EXECUTION,2,7.700,7.4,17.800
6714,40,9076,ARTISTIC,4,8.300,8.1,17.800
6715,54,9076,ARTISTIC,1,8.200,8.1,17.800
6716,37,9076,EXECUTION,4,7.200,7.4,17.800
6717,71,9076,EXECUTION,3,7.400,7.4,17.800
6718,63,9076,ARTISTIC,3,7.900,8.1,17.800
6720,34,9076,ARTISTIC,2,8.000,8.1,17.800
6776,35,9050,ARTISTIC,4,7.100,7,14.150
6777,72,9050,EXECUTION,4,6.700,6.35,14.150
6778,38,9050,EXECUTION,2,6.400,6.35,14.150
6779,56,9050,ARTISTIC,1,6.800,7,14.150
6780,67,9050,ARTISTIC,3,7.000,7,14.150
6781,46,9050,EXECUTION,3,6.300,6.35,14.150
6782,66,9050,ARTISTIC,2,7.000,7,14.150
6783,64,9050,EXECUTION,1,6.000,6.35,14.150
7305,74,9132,ARTISTIC,3,7.900,8.05,15.850
7306,57,9132,EXECUTION,1,7.900,7.8,15.850
7307,42,9132,ARTISTIC,1,7.700,8.05,15.850
7308,65,9132,EXECUTION,4,7.700,7.8,15.850
7309,45,9132,EXECUTION,2,7.700,7.8,15.850
7310,64,9132,ARTISTIC,2,8.200,8.05,15.850
7311,56,9132,EXECUTION,3,8.100,7.8,15.850
7312,75,9132,ARTISTIC,4,8.200,8.05,15.850
6838,56,9053,ARTISTIC,1,7.600,7.7,16.950
6839,72,9053,EXECUTION,4,7.400,7.45,16.950
6840,38,9053,EXECUTION,2,7.500,7.45,16.950
6841,35,9053,ARTISTIC,4,7.800,7.7,16.950
6842,46,9053,EXECUTION,3,7.500,7.45,16.950
6843,66,9053,ARTISTIC,2,7.600,7.7,16.950
6845,67,9053,ARTISTIC,3,8.000,7.7,16.950
6846,64,9053,EXECUTION,1,7.300,7.45,16.950
6893,35,9057,ARTISTIC,4,7.700,7.7,16.950
6894,56,9057,ARTISTIC,1,7.500,7.7,16.950
6895,38,9057,EXECUTION,2,7.500,7.45,16.950
6896,72,9057,EXECUTION,4,7.600,7.45,16.950
6897,46,9057,EXECUTION,3,7.400,7.45,16.950
6898,66,9057,ARTISTIC,2,7.800,7.7,16.950
6899,67,9057,ARTISTIC,3,7.700,7.7,16.950
6900,64,9057,EXECUTION,1,7.400,7.45,16.950
7842,67,9492,ARTISTIC,3,8.200,7.95,17.000
7843,35,9492,EXECUTION,4,7.500,7.4,17.000
7844,64,9492,EXECUTION,1,6.700,7.4,17.000
7845,40,9492,EXECUTION,3,7.400,7.4,17.000
7846,68,9492,ARTISTIC,4,8.000,7.95,17.000
7847,65,9492,ARTISTIC,1,7.700,7.95,17.000
7848,66,9492,ARTISTIC,2,7.900,7.95,17.000
7850,38,9492,EXECUTION,2,7.400,7.4,17.000
7905,38,9499,EXECUTION,4,7.400,7.45,17.350
7906,65,9499,ARTISTIC,3,8.100,7.95,17.350
7907,70,9499,ARTISTIC,4,7.900,7.95,17.350
7908,51,9499,EXECUTION,2,7.600,7.45,17.350
7909,45,9499,EXECUTION,1,7.500,7.45,17.350
7910,42,9499,ARTISTIC,1,8.000,7.95,17.350
7911,54,9499,EXECUTION,3,7.400,7.45,17.350
7912,64,9499,ARTISTIC,2,7.900,7.95,17.350
7004,35,9092,ARTISTIC,4,8.000,8.05,18.000
7005,56,9092,ARTISTIC,1,8.300,8.05,18.000
7006,72,9092,EXECUTION,4,7.900,7.85,18.000
7007,46,9092,EXECUTION,3,7.500,7.85,18.000
7008,38,9092,EXECUTION,2,7.900,7.85,18.000
7009,64,9092,EXECUTION,1,7.800,7.85,18.000
7010,66,9092,ARTISTIC,2,8.100,8.05,18.000
7011,67,9092,ARTISTIC,3,7.900,8.05,18.000
7968,38,9506,EXECUTION,4,7.800,7.4,17.550
7969,45,9506,EXECUTION,1,6.900,7.4,17.550
7970,51,9506,EXECUTION,2,7.700,7.4,17.550
7971,65,9506,ARTISTIC,3,7.800,7.85,17.550
7972,42,9506,ARTISTIC,1,7.600,7.85,17.550
7973,70,9506,ARTISTIC,4,7.900,7.85,17.550
7974,54,9506,EXECUTION,3,7.200,7.4,17.550
7975,64,9506,ARTISTIC,2,8.000,7.85,17.550
7069,54,9113,ARTISTIC,1,8.200,8.2,17.800
7070,40,9113,ARTISTIC,4,8.100,8.2,17.800
7072,70,9113,EXECUTION,2,7.500,7.55,17.800
7073,37,9113,EXECUTION,4,7.600,7.55,17.800
7074,65,9113,EXECUTION,1,7.700,7.55,17.800
7075,71,9113,EXECUTION,3,7.500,7.55,17.800
7076,63,9113,ARTISTIC,3,8.300,8.2,17.800
7077,34,9113,ARTISTIC,2,8.200,8.2,17.800
7366,74,9139,ARTISTIC,3,8.100,8.15,18.000
7367,45,9139,EXECUTION,2,7.300,7.4,18.000
7368,64,9139,ARTISTIC,2,8.200,8.15,18.000
7369,42,9139,ARTISTIC,1,8.100,8.15,18.000
7370,75,9139,ARTISTIC,4,8.400,8.15,18.000
7371,56,9139,EXECUTION,3,7.900,7.4,18.000
7372,57,9139,EXECUTION,1,7.300,7.4,18.000
7364,65,9139,EXECUTION,4,7.500,7.4,18.000
7428,42,9146,ARTISTIC,1,8.500,8.35,18.050
7429,65,9146,EXECUTION,4,7.500,7.65,18.050
7430,45,9146,EXECUTION,2,7.600,7.65,18.050
7431,75,9146,ARTISTIC,4,8.400,8.35,18.050
7432,74,9146,ARTISTIC,3,8.200,8.35,18.050
7433,56,9146,EXECUTION,3,7.900,7.65,18.050
7434,64,9146,ARTISTIC,2,8.300,8.35,18.050
7435,57,9146,EXECUTION,1,7.700,7.65,18.050
7490,65,9153,EXECUTION,4,7.300,7.3,17.756
7491,45,9153,EXECUTION,2,7.300,7.3,17.756
7492,74,9153,ARTISTIC,3,7.800,7.9,17.756
7493,56,9153,EXECUTION,3,7.600,7.3,17.756
7494,75,9153,ARTISTIC,4,8.200,7.9,17.756
7495,64,9153,ARTISTIC,2,8.000,7.9,17.756
7496,57,9153,EXECUTION,1,7.300,7.3,17.756
7497,42,9153,ARTISTIC,1,7.700,7.9,17.756
7574,38,9461,EXECUTION,2,7.900,7.95,16.050
7575,40,9461,EXECUTION,3,8.000,7.95,16.050
7576,68,9461,ARTISTIC,4,8.100,8.1,16.050
7577,64,9461,EXECUTION,1,8.100,7.95,16.050
7578,35,9461,EXECUTION,4,7.900,7.95,16.050
7579,66,9461,ARTISTIC,2,8.100,8.1,16.050
7580,67,9461,ARTISTIC,3,8.100,8.1,16.050
7581,65,9461,ARTISTIC,1,8.100,8.1,16.050
7635,40,9469,EXECUTION,3,7.800,7.65,18.250
7636,68,9469,ARTISTIC,4,8.300,8.2,18.250
7637,38,9469,EXECUTION,2,7.400,7.65,18.250
7638,67,9469,ARTISTIC,3,7.900,8.2,18.250
7639,64,9469,EXECUTION,1,7.500,7.65,18.250
7640,66,9469,ARTISTIC,2,8.200,8.2,18.250
7641,35,9469,EXECUTION,4,8.000,7.65,18.250
7642,65,9469,ARTISTIC,1,8.200,8.2,18.250
7698,35,9476,EXECUTION,4,7.800,7.8,18.150
7699,65,9476,ARTISTIC,1,8.000,8.3,18.150
7700,64,9476,EXECUTION,1,7.800,7.8,18.150
7701,38,9476,EXECUTION,2,7.800,7.8,18.150
7702,68,9476,ARTISTIC,4,8.300,8.3,18.150
7703,40,9476,EXECUTION,3,8.000,7.8,18.150
7704,67,9476,ARTISTIC,3,8.300,8.3,18.150
7705,66,9476,ARTISTIC,2,8.400,8.3,18.150
8031,45,9513,EXECUTION,1,7.400,7.6,18.300
8032,65,9513,ARTISTIC,3,7.900,8,18.300
8033,42,9513,ARTISTIC,1,8.100,8,18.300
8034,38,9513,EXECUTION,4,7.600,7.6,18.300
8035,70,9513,ARTISTIC,4,8.100,8,18.300
8036,54,9513,EXECUTION,3,7.600,7.6,18.300
8037,51,9513,EXECUTION,2,7.700,7.6,18.300
8038,64,9513,ARTISTIC,2,7.900,8,18.300
7764,40,9483,EXECUTION,3,7.500,7.4,16.950
7765,38,9483,EXECUTION,2,7.300,7.4,16.950
7766,66,9483,ARTISTIC,2,8.000,8,16.950
7767,67,9483,ARTISTIC,3,7.700,8,16.950
7761,68,9483,ARTISTIC,4,8.100,8,16.950
7762,64,9483,EXECUTION,1,7.400,7.4,16.950
7763,35,9483,EXECUTION,4,7.400,7.4,16.950
7768,65,9483,ARTISTIC,1,8.000,8,16.950
8094,70,9520,ARTISTIC,4,8.400,8.35,18.900
8095,38,9520,EXECUTION,4,7.900,7.5,18.900
8096,54,9520,EXECUTION,3,7.200,7.5,18.900
8097,65,9520,ARTISTIC,3,8.300,8.35,18.900
8098,45,9520,EXECUTION,1,7.200,7.5,18.900
8099,42,9520,ARTISTIC,1,8.000,8.35,18.900
8100,64,9520,ARTISTIC,2,8.400,8.35,18.900
8101,51,9520,EXECUTION,2,7.700,7.5,18.900
9887,98,10208,ARTISTIC,2,5.900,6.2,13.500
9888,43,10208,ARTISTIC,1,6.200,6.2,13.500
9890,112,10208,EXECUTION,2,6.000,5.9,13.500
9891,82,10208,ARTISTIC,3,6.300,6.2,13.500
9892,104,10208,EXECUTION,3,5.500,5.9,13.500
9893,76,10208,EXECUTION,1,6.000,5.9,13.500
9894,113,10208,ARTISTIC,4,6.200,6.2,13.500
9895,78,10208,EXECUTION,4,5.800,5.9,13.500
9833,82,10172,ARTISTIC,3,6.800,6.45,14.650
9834,112,10172,EXECUTION,2,7.700,7,14.650
9835,104,10172,EXECUTION,3,7.200,7,14.650
9836,78,10172,EXECUTION,4,6.600,7,14.650
9838,43,10172,ARTISTIC,1,6.400,6.45,14.650
9839,113,10172,ARTISTIC,4,6.300,6.45,14.650
9841,98,10172,ARTISTIC,2,6.500,6.45,14.650
9843,76,10172,EXECUTION,1,6.800,7,14.650
9996,79,10207,EXECUTION,1,6.000,6.1,13.250
9999,108,10207,ARTISTIC,2,6.400,6.2,13.250
10000,107,10207,ARTISTIC,1,6.700,6.2,13.250
10001,111,10207,ARTISTIC,4,5.800,6.2,13.250
10002,81,10207,EXECUTION,3,5.900,6.1,13.250
10003,77,10207,ARTISTIC,3,6.000,6.2,13.250
10004,110,10207,EXECUTION,2,6.200,6.1,13.250
10007,80,10207,EXECUTION,4,6.300,6.1,13.250
9942,108,10204,ARTISTIC,2,6.600,6.5,13.300
9943,107,10204,ARTISTIC,1,6.700,6.5,13.300
9944,81,10204,EXECUTION,3,5.400,5.9,13.300
9945,79,10204,EXECUTION,1,6.100,5.9,13.300
9946,110,10204,EXECUTION,2,6.400,5.9,13.300
9947,77,10204,ARTISTIC,3,6.200,6.5,13.300
9948,80,10204,EXECUTION,4,5.700,5.9,13.300
9949,111,10204,ARTISTIC,4,6.400,6.5,13.300
10050,113,10185,ARTISTIC,4,6.300,6.2,13.000
10051,43,10185,ARTISTIC,1,5.900,6.2,13.000
10052,82,10185,ARTISTIC,3,6.300,6.2,13.000
10054,104,10185,EXECUTION,3,6.500,6.15,13.000
10055,76,10185,EXECUTION,1,6.300,6.15,13.000
10056,98,10185,ARTISTIC,2,6.100,6.2,13.000
10058,112,10185,EXECUTION,2,5.900,6.15,13.000
10059,78,10185,EXECUTION,4,6.000,6.15,13.000
10105,107,10214,ARTISTIC,1,6.300,6.15,13.200
10106,108,10214,ARTISTIC,2,6.000,6.15,13.200
10108,81,10214,EXECUTION,3,5.900,6.05,13.200
10109,77,10214,ARTISTIC,3,6.700,6.15,13.200
10111,79,10214,EXECUTION,1,6.400,6.05,13.200
10116,111,10214,ARTISTIC,4,6.000,6.15,13.200
10119,110,10214,EXECUTION,2,5.900,6.05,13.200
10120,80,10214,EXECUTION,4,6.200,6.05,13.200
10159,98,10191,ARTISTIC,2,5.700,6,12.850
10160,82,10191,ARTISTIC,3,6.000,6,12.850
10161,76,10191,EXECUTION,1,6.000,5.9,12.850
10162,112,10191,EXECUTION,2,5.800,5.9,12.850
10163,104,10191,EXECUTION,3,5.400,5.9,12.850
10165,78,10191,EXECUTION,4,6.300,5.9,12.850
10166,43,10191,ARTISTIC,1,6.100,6,12.850
10167,113,10191,ARTISTIC,4,6.000,6,12.850
10213,113,10194,ARTISTIC,4,6.800,6.8,14.650
10214,104,10194,EXECUTION,3,6.500,6.65,14.650
10216,43,10194,ARTISTIC,1,6.800,6.8,14.650
10217,98,10194,ARTISTIC,2,7.000,6.8,14.650
10218,76,10194,EXECUTION,1,7.100,6.65,14.650
10219,112,10194,EXECUTION,2,6.700,6.65,14.650
10220,78,10194,EXECUTION,4,6.600,6.65,14.650
10221,82,10194,ARTISTIC,3,6.600,6.8,14.650
10271,81,10223,EXECUTION,3,7.200,7,15.050
10272,107,10223,ARTISTIC,1,7.000,7.05,15.050
10273,110,10223,EXECUTION,2,7.000,7,15.050
10274,77,10223,ARTISTIC,3,7.300,7.05,15.050
10275,79,10223,EXECUTION,1,6.900,7,15.050
10276,111,10223,ARTISTIC,4,7.000,7.05,15.050
10280,80,10223,EXECUTION,4,7.000,7,15.050
10287,108,10223,ARTISTIC,2,7.100,7.05,15.050
10315,104,10229,EXECUTION,3,7.400,7.4,16.550
10316,112,10229,EXECUTION,2,7.400,7.4,16.550
10317,76,10229,EXECUTION,1,7.300,7.4,16.550
10318,98,10229,ARTISTIC,2,7.400,7.35,16.550
10319,113,10229,ARTISTIC,4,7.100,7.35,16.550
10321,43,10229,ARTISTIC,1,7.600,7.35,16.550
10322,78,10229,EXECUTION,4,8.000,7.4,16.550
10324,82,10229,ARTISTIC,3,7.300,7.35,16.550
10379,77,10241,ARTISTIC,3,6.600,6.45,14.200
10380,81,10241,EXECUTION,3,5.900,6.2,14.200
10381,107,10241,ARTISTIC,1,6.400,6.45,14.200
10382,108,10241,ARTISTIC,2,6.400,6.45,14.200
10383,110,10241,EXECUTION,2,6.100,6.2,14.200
10384,111,10241,ARTISTIC,4,6.500,6.45,14.200
10386,79,10241,EXECUTION,1,6.300,6.2,14.200
10387,80,10241,EXECUTION,4,6.300,6.2,14.200
10432,107,10244,ARTISTIC,1,7.200,7.35,16.150
10433,80,10244,EXECUTION,4,7.200,6.9,16.150
10434,108,10244,ARTISTIC,2,7.500,7.35,16.150
10435,77,10244,ARTISTIC,3,7.500,7.35,16.150
10436,111,10244,ARTISTIC,4,7.000,7.35,16.150
10437,81,10244,EXECUTION,3,6.900,6.9,16.150
10439,79,10244,EXECUTION,1,6.700,6.9,16.150
10440,110,10244,EXECUTION,2,6.900,6.9,16.150
10488,108,10247,ARTISTIC,2,8.400,8.5,19.000
10489,107,10247,ARTISTIC,1,8.500,8.5,19.000
10490,81,10247,EXECUTION,3,8.000,8,19.000
10491,77,10247,ARTISTIC,3,8.500,8.5,19.000
10492,110,10247,EXECUTION,2,8.000,8,19.000
10493,79,10247,EXECUTION,1,7.900,8,19.000
10494,111,10247,ARTISTIC,4,8.600,8.5,19.000
10495,80,10247,EXECUTION,4,8.800,8,19.000
10542,112,10266,EXECUTION,2,5.400,5.85,12.300
10544,98,10266,ARTISTIC,2,6.300,6.25,12.300
10545,104,10266,EXECUTION,3,5.900,5.85,12.300
10546,43,10266,ARTISTIC,1,6.000,6.25,12.300
10547,76,10266,EXECUTION,1,5.800,5.85,12.300
10548,78,10266,EXECUTION,4,5.900,5.85,12.300
10549,82,10266,ARTISTIC,3,6.300,6.25,12.300
10550,113,10266,ARTISTIC,4,6.200,6.25,12.300
10596,112,10269,EXECUTION,2,6.500,6.15,13.550
10597,98,10269,ARTISTIC,2,6.700,6.6,13.550
10598,76,10269,EXECUTION,1,6.200,6.15,13.550
10600,78,10269,EXECUTION,4,6.100,6.15,13.550
10601,104,10269,EXECUTION,3,6.100,6.15,13.550
10602,43,10269,ARTISTIC,1,6.300,6.6,13.550
10603,113,10269,ARTISTIC,4,6.700,6.6,13.550
10604,82,10269,ARTISTIC,3,6.500,6.6,13.550
10650,98,10272,ARTISTIC,2,5.800,5.9,12.350
10651,112,10272,EXECUTION,2,5.800,5.65,12.350
10652,43,10272,ARTISTIC,1,6.000,5.9,12.350
10653,82,10272,ARTISTIC,3,6.100,5.9,12.350
10654,76,10272,EXECUTION,1,5.700,5.65,12.350
10656,113,10272,ARTISTIC,4,5.700,5.9,12.350
10657,78,10272,EXECUTION,4,5.600,5.65,12.350
10658,104,10272,EXECUTION,3,5.600,5.65,12.350
10912,113,10421,ARTISTIC,4,7.300,7.3,14.300
10913,98,10421,ARTISTIC,2,6.900,7.3,14.300
10914,78,10421,EXECUTION,4,7.000,7,14.300
10915,104,10421,EXECUTION,3,7.000,7,14.300
10916,112,10421,EXECUTION,2,6.900,7,14.300
10917,76,10421,EXECUTION,1,7.200,7,14.300
10918,43,10421,ARTISTIC,1,7.300,7.3,14.300
10920,82,10421,ARTISTIC,3,7.400,7.3,14.300
11344,80,10466,EXECUTION,4,6.800,6.95,16.350
11345,77,10466,ARTISTIC,3,7.400,7.3,16.350
11346,108,10466,ARTISTIC,2,7.200,7.3,16.350
11347,81,10466,EXECUTION,3,6.700,6.95,16.350
11348,79,10466,EXECUTION,1,7.300,6.95,16.350
11349,107,10466,ARTISTIC,1,7.400,7.3,16.350
11351,111,10466,ARTISTIC,4,6.900,7.3,16.350
11352,110,10466,EXECUTION,2,7.100,6.95,16.350
11353,43,10474,ARTISTIC,1,6.100,5.95,12.600
11354,112,10474,EXECUTION,2,6.000,5.85,12.600
11356,82,10474,ARTISTIC,3,6.300,5.95,12.600
11357,76,10474,EXECUTION,1,5.900,5.85,12.600
11358,78,10474,EXECUTION,4,5.800,5.85,12.600
11359,98,10474,ARTISTIC,2,5.800,5.95,12.600
11360,104,10474,EXECUTION,3,4.300,5.85,12.600
11361,113,10474,ARTISTIC,4,5.800,5.95,12.600
11362,77,10467,ARTISTIC,3,7.700,7.55,16.800
11363,81,10467,EXECUTION,3,7.000,7.2,16.800
11364,108,10467,ARTISTIC,2,7.600,7.55,16.800
11365,80,10467,EXECUTION,4,7.200,7.2,16.800
11366,111,10467,ARTISTIC,4,7.500,7.55,16.800
11368,107,10467,ARTISTIC,1,7.400,7.55,16.800
11369,79,10467,EXECUTION,1,7.400,7.2,16.800
11370,110,10467,EXECUTION,2,7.200,7.2,16.800
11583,107,10495,ARTISTIC,1,6.300,6.15,11.350
11584,81,10495,EXECUTION,3,5.500,6,11.350
11585,77,10495,ARTISTIC,3,6.000,6.15,11.350
11586,80,10495,EXECUTION,4,6.000,6,11.350
11587,79,10495,EXECUTION,1,6.000,6,11.350
11588,108,10495,ARTISTIC,2,6.400,6.15,11.350
11589,111,10495,ARTISTIC,4,6.000,6.15,11.350
11590,110,10495,EXECUTION,2,6.200,6,11.350
11371,112,10476,EXECUTION,2,7.800,7.8,18.650
11373,76,10476,EXECUTION,1,7.800,7.8,18.650
11374,104,10476,EXECUTION,3,7.700,7.8,18.650
11375,43,10476,ARTISTIC,1,8.500,8.35,18.650
11376,98,10476,ARTISTIC,2,8.400,8.35,18.650
11377,113,10476,ARTISTIC,4,8.300,8.35,18.650
11378,82,10476,ARTISTIC,3,7.700,8.35,18.650
11379,78,10476,EXECUTION,4,8.000,7.8,18.650
11381,108,10468,ARTISTIC,2,7.900,7.85,17.450
11382,77,10468,ARTISTIC,3,7.800,7.85,17.450
11383,81,10468,EXECUTION,3,7.300,7.5,17.450
11384,107,10468,ARTISTIC,1,7.800,7.85,17.450
11385,110,10468,EXECUTION,2,7.500,7.5,17.450
11386,80,10468,EXECUTION,4,7.500,7.5,17.450
11387,79,10468,EXECUTION,1,7.500,7.5,17.450
11388,111,10468,ARTISTIC,4,8.200,7.85,17.450
11594,76,10500,EXECUTION,1,5.800,5.8,11.950
11595,104,10500,EXECUTION,3,5.200,5.8,11.950
11591,112,10500,EXECUTION,2,5.800,5.8,11.950
11592,43,10500,ARTISTIC,1,6.700,6.15,11.950
11593,78,10500,EXECUTION,4,5.800,5.8,11.950
11596,98,10500,ARTISTIC,2,5.900,6.15,11.950
11597,113,10500,ARTISTIC,4,6.000,6.15,11.950
11598,82,10500,ARTISTIC,3,6.300,6.15,11.950
11599,80,10496,EXECUTION,4,6.500,6.6,13.650
11600,79,10496,EXECUTION,1,7.000,6.6,13.650
11601,108,10496,ARTISTIC,2,6.800,7.05,13.650
11602,81,10496,EXECUTION,3,6.500,6.6,13.650
11603,77,10496,ARTISTIC,3,7.100,7.05,13.650
11604,107,10496,ARTISTIC,1,7.200,7.05,13.650
11605,110,10496,EXECUTION,2,6.700,6.6,13.650
11606,111,10496,ARTISTIC,4,7.000,7.05,13.650
11397,108,10477,ARTISTIC,2,7.500,7.55,16.400
11399,107,10477,ARTISTIC,1,7.600,7.55,16.400
11400,110,10477,EXECUTION,2,7.200,7.2,16.400
11401,80,10477,EXECUTION,4,7.200,7.2,16.400
11403,111,10477,ARTISTIC,4,7.400,7.55,16.400
11404,77,10477,ARTISTIC,3,7.700,7.55,16.400
11405,81,10477,EXECUTION,3,7.000,7.2,16.400
11406,79,10477,EXECUTION,1,7.300,7.2,16.400
11407,104,10484,EXECUTION,3,4.200,5.4,11.300
11408,112,10484,EXECUTION,2,5.400,5.4,11.300
11409,82,10484,ARTISTIC,3,5.700,5.6,11.300
11410,98,10484,ARTISTIC,2,5.700,5.6,11.300
11411,76,10484,EXECUTION,1,5.700,5.4,11.300
11412,78,10484,EXECUTION,4,5.400,5.4,11.300
11413,43,10484,ARTISTIC,1,5.000,5.6,11.300
11415,113,10484,ARTISTIC,4,5.500,5.6,11.300
11416,79,10478,EXECUTION,1,6.200,6.05,14.100
11417,108,10478,ARTISTIC,2,6.600,6.55,14.100
11418,81,10478,EXECUTION,3,5.100,6.05,14.100
11419,107,10478,ARTISTIC,1,6.500,6.55,14.100
11420,77,10478,ARTISTIC,3,5.900,6.55,14.100
11421,80,10478,EXECUTION,4,6.700,6.05,14.100
11422,111,10478,ARTISTIC,4,6.600,6.55,14.100
11424,110,10478,EXECUTION,2,5.900,6.05,14.100
11389,112,10475,EXECUTION,2,7.500,7.65,17.300
11390,104,10475,EXECUTION,3,7.800,7.65,17.300
11391,76,10475,EXECUTION,1,7.400,7.65,17.300
11392,78,10475,EXECUTION,4,8.100,7.65,17.300
11393,43,10475,ARTISTIC,1,8.600,7.9,17.300
11394,98,10475,ARTISTIC,2,7.900,7.9,17.300
11395,113,10475,ARTISTIC,4,7.900,7.9,17.300
11396,82,10475,ARTISTIC,3,7.800,7.9,17.300
11608,98,10501,ARTISTIC,2,5.200,5.6,10.800
11609,76,10501,EXECUTION,1,5.300,5.2,10.800
11610,113,10501,ARTISTIC,4,5.500,5.6,10.800
11611,43,10501,ARTISTIC,1,5.700,5.6,10.800
11612,78,10501,EXECUTION,4,5.100,5.2,10.800
11607,82,10501,ARTISTIC,3,5.700,5.6,10.800
11613,112,10501,EXECUTION,2,5.300,5.2,10.800
11614,104,10501,EXECUTION,3,5.000,5.2,10.800
11425,112,10485,EXECUTION,2,6.200,5.85,13.100
11427,76,10485,EXECUTION,1,5.900,5.85,13.100
11428,98,10485,ARTISTIC,2,6.600,6.45,13.100
11429,43,10485,ARTISTIC,1,6.700,6.45,13.100
11430,104,10485,EXECUTION,3,4.900,5.85,13.100
11431,78,10485,EXECUTION,4,5.800,5.85,13.100
11432,82,10485,ARTISTIC,3,6.300,6.45,13.100
11433,113,10485,ARTISTIC,4,6.000,6.45,13.100
11615,108,10497,ARTISTIC,2,7.500,7.5,14.850
11617,81,10497,EXECUTION,3,7.000,7.35,14.850
11618,77,10497,ARTISTIC,3,7.500,7.5,14.850
11619,80,10497,EXECUTION,4,7.000,7.35,14.850
11620,111,10497,ARTISTIC,4,7.500,7.5,14.850
11621,107,10497,ARTISTIC,1,8.000,7.5,14.850
11622,110,10497,EXECUTION,2,7.600,7.35,14.850
11623,79,10497,EXECUTION,1,7.800,7.35,14.850
11436,108,10479,ARTISTIC,2,7.800,7.65,16.450
11437,77,10479,ARTISTIC,3,7.500,7.65,16.450
11438,111,10479,ARTISTIC,4,7.800,7.65,16.450
11439,80,10479,EXECUTION,4,7.500,7.2,16.450
11440,110,10479,EXECUTION,2,7.300,7.2,16.450
11441,81,10479,EXECUTION,3,6.900,7.2,16.450
11442,79,10479,EXECUTION,1,7.100,7.2,16.450
11443,107,10479,ARTISTIC,1,7.500,7.65,16.450
11616,112,10502,EXECUTION,2,8.000,7.95,16.300
11624,82,10502,ARTISTIC,3,8.500,8.35,16.300
11625,78,10502,EXECUTION,4,8.200,7.95,16.300
11626,43,10502,ARTISTIC,1,8.200,8.35,16.300
11627,76,10502,EXECUTION,1,7.500,7.95,16.300
11628,98,10502,ARTISTIC,2,8.300,8.35,16.300
11629,104,10502,EXECUTION,3,7.900,7.95,16.300
11630,113,10502,ARTISTIC,4,8.400,8.35,16.300
11631,112,10503,EXECUTION,2,6.900,6.25,12.700
11632,104,10503,EXECUTION,3,5.500,6.25,12.700
11633,76,10503,EXECUTION,1,6.000,6.25,12.700
11634,98,10503,ARTISTIC,2,6.200,6.45,12.700
11635,82,10503,ARTISTIC,3,6.600,6.45,12.700
11636,78,10503,EXECUTION,4,6.500,6.25,12.700
11637,43,10503,ARTISTIC,1,6.400,6.45,12.700
11638,113,10503,ARTISTIC,4,6.500,6.45,12.700
11444,43,10486,ARTISTIC,1,6.000,5.55,11.200
11445,112,10486,EXECUTION,2,6.000,5.65,11.200
11446,104,10486,EXECUTION,3,4.400,5.65,11.200
11447,98,10486,ARTISTIC,2,5.500,5.55,11.200
11448,76,10486,EXECUTION,1,5.600,5.65,11.200
11449,78,10486,EXECUTION,4,5.700,5.65,11.200
11450,113,10486,ARTISTIC,4,5.600,5.55,11.200
11462,82,10486,ARTISTIC,3,4.400,5.55,11.200
11454,107,10480,ARTISTIC,1,6.500,6.55,13.750
11455,79,10480,EXECUTION,1,6.000,6.1,13.750
11456,108,10480,ARTISTIC,2,6.400,6.55,13.750
11458,77,10480,ARTISTIC,3,6.600,6.55,13.750
11459,81,10480,EXECUTION,3,4.900,6.1,13.750
11460,111,10480,ARTISTIC,4,6.700,6.55,13.750
11461,80,10480,EXECUTION,4,6.600,6.1,13.750
11463,110,10480,EXECUTION,2,6.200,6.1,13.750
11464,112,10487,EXECUTION,2,5.700,5.5,11.400
11466,76,10487,EXECUTION,1,5.400,5.5,11.400
11467,78,10487,EXECUTION,4,5.600,5.5,11.400
11468,98,10487,ARTISTIC,2,6.500,6.05,11.400
11469,104,10487,EXECUTION,3,4.500,5.5,11.400
11470,43,10487,ARTISTIC,1,6.100,6.05,11.400
11471,113,10487,ARTISTIC,4,6.000,6.05,11.400
11473,82,10487,ARTISTIC,3,4.500,6.05,11.400
11474,77,10481,ARTISTIC,3,7.300,6.85,14.000
11475,81,10481,EXECUTION,3,6.500,6.4,14.000
11476,110,10481,EXECUTION,2,6.300,6.4,14.000
11477,107,10481,ARTISTIC,1,6.700,6.85,14.000
11478,79,10481,EXECUTION,1,6.300,6.4,14.000
11480,108,10481,ARTISTIC,2,6.700,6.85,14.000
11481,80,10481,EXECUTION,4,7.000,6.4,14.000
11482,111,10481,ARTISTIC,4,7.000,6.85,14.000
11483,112,10488,EXECUTION,2,7.000,7.25,15.450
11484,104,10488,EXECUTION,3,7.500,7.25,15.450
11485,113,10488,ARTISTIC,4,7.300,7.35,15.450
11486,98,10488,ARTISTIC,2,7.700,7.35,15.450
11487,78,10488,EXECUTION,4,7.300,7.25,15.450
11488,43,10488,ARTISTIC,1,7.300,7.35,15.450
11489,76,10488,EXECUTION,1,7.200,7.25,15.450
11491,82,10488,ARTISTIC,3,7.400,7.35,15.450
11492,79,10482,EXECUTION,1,5.800,5.55,12.250
11493,81,10482,EXECUTION,3,5.000,5.55,12.250
11494,107,10482,ARTISTIC,1,6.100,6.3,12.250
11495,108,10482,ARTISTIC,2,5.600,6.3,12.250
11496,77,10482,ARTISTIC,3,6.500,6.3,12.250
11497,111,10482,ARTISTIC,4,6.500,6.3,12.250
11499,80,10482,EXECUTION,4,6.000,5.55,12.250
11500,110,10482,EXECUTION,2,5.300,5.55,12.250
11501,112,10489,EXECUTION,2,7.000,7.05,15.200
11502,104,10489,EXECUTION,3,7.200,7.05,15.200
11503,76,10489,EXECUTION,1,7.100,7.05,15.200
11504,98,10489,ARTISTIC,2,7.100,7.15,15.200
11505,82,10489,ARTISTIC,3,7.100,7.15,15.200
11506,113,10489,ARTISTIC,4,7.200,7.15,15.200
11508,78,10489,EXECUTION,4,6.700,7.05,15.200
11509,43,10489,ARTISTIC,1,7.300,7.15,15.200
11510,81,10483,EXECUTION,3,6.000,6.8,14.800
11511,77,10483,ARTISTIC,3,7.000,6.9,14.800
11512,111,10483,ARTISTIC,4,6.700,6.9,14.800
11513,79,10483,EXECUTION,1,7.000,6.8,14.800
11515,107,10483,ARTISTIC,1,7.400,6.9,14.800
11516,108,10483,ARTISTIC,2,6.800,6.9,14.800
11517,110,10483,EXECUTION,2,6.600,6.8,14.800
11522,80,10483,EXECUTION,4,7.000,6.8,14.800
11518,112,10490,EXECUTION,2,5.900,5.7,11.800
11519,98,10490,ARTISTIC,2,6.300,6.2,11.800
11520,76,10490,EXECUTION,1,5.900,5.7,11.800
11521,43,10490,ARTISTIC,1,6.200,6.2,11.800
11523,113,10490,ARTISTIC,4,5.700,6.2,11.800
11524,104,10490,EXECUTION,3,5.000,5.7,11.800
11525,78,10490,EXECUTION,4,5.500,5.7,11.800
11528,82,10490,ARTISTIC,3,6.200,6.2,11.800
11529,108,10492,ARTISTIC,2,6.300,6.5,12.750
11530,81,10492,EXECUTION,3,6.200,6.25,12.750
11531,107,10492,ARTISTIC,1,6.500,6.5,12.750
11532,79,10492,EXECUTION,1,6.300,6.25,12.750
11533,77,10492,ARTISTIC,3,6.700,6.5,12.750
11534,110,10492,EXECUTION,2,6.200,6.25,12.750
11535,111,10492,ARTISTIC,4,6.500,6.5,12.750
11536,80,10492,EXECUTION,4,6.500,6.25,12.750
11537,112,10491,EXECUTION,2,5.400,5.4,11.900
11538,104,10491,EXECUTION,3,5.000,5.4,11.900
11540,76,10491,EXECUTION,1,5.500,5.4,11.900
11541,98,10491,ARTISTIC,2,6.400,6.35,11.900
11543,43,10491,ARTISTIC,1,6.300,6.35,11.900
11544,113,10491,ARTISTIC,4,6.400,6.35,11.900
11545,78,10491,EXECUTION,4,5.400,5.4,11.900
11546,82,10491,ARTISTIC,3,5.900,6.35,11.900
11547,107,10493,ARTISTIC,1,6.600,6.7,12.700
11548,79,10493,EXECUTION,1,6.600,6.5,12.700
11549,81,10493,EXECUTION,3,6.300,6.5,12.700
11550,111,10493,ARTISTIC,4,6.800,6.7,12.700
11551,77,10493,ARTISTIC,3,6.700,6.7,12.700
11552,108,10493,ARTISTIC,2,6.700,6.7,12.700
11553,110,10493,EXECUTION,2,6.400,6.5,12.700
11554,80,10493,EXECUTION,4,6.700,6.5,12.700
11556,104,10498,EXECUTION,3,5.000,5.05,10.550
11557,112,10498,EXECUTION,2,5.000,5.05,10.550
11558,98,10498,ARTISTIC,2,5.100,5.8,10.550
11559,82,10498,ARTISTIC,3,6.000,5.8,10.550
11560,76,10498,EXECUTION,1,5.500,5.05,10.550
11561,43,10498,ARTISTIC,1,5.800,5.8,10.550
11562,113,10498,ARTISTIC,4,5.800,5.8,10.550
11563,78,10498,EXECUTION,4,5.100,5.05,10.550
11565,77,10494,ARTISTIC,3,6.600,6.9,13.550
11566,81,10494,EXECUTION,3,6.200,6.65,13.550
11567,108,10494,ARTISTIC,2,7.000,6.9,13.550
11568,80,10494,EXECUTION,4,6.700,6.65,13.550
11569,107,10494,ARTISTIC,1,7.000,6.9,13.550
11570,110,10494,EXECUTION,2,6.600,6.65,13.550
11571,111,10494,ARTISTIC,4,6.800,6.9,13.550
11572,79,10494,EXECUTION,1,6.800,6.65,13.550
11573,104,10499,EXECUTION,3,5.300,5.95,12.150
11574,76,10499,EXECUTION,1,5.900,5.95,12.150
11575,98,10499,ARTISTIC,2,6.300,6.3,12.150
11577,43,10499,ARTISTIC,1,6.600,6.3,12.150
11578,78,10499,EXECUTION,4,6.000,5.95,12.150
11579,82,10499,ARTISTIC,3,6.300,6.3,12.150
11580,112,10499,EXECUTION,2,6.100,5.95,12.150
11581,113,10499,ARTISTIC,4,6.300,6.3,12.150
